unique_key,image_id,emoji,keyword_1,keyword_2,keyword_3,keyword_4,keyword_5,emoji_name
A-35-1,https://drive.google.com/file/d/1dd5ulzlTekcgjqoXgVnX1ZlnuukvjS6U/view?usp=sharing,#8c612d,play,,,,,
E-851-1,U+303D,ã€½,part,,,,,emoji_1
A-26-1,U+21A9,â†©,turn,,,,,emoji_2
E-909-1,U+231A,âŒš,watch,,,,,emoji_3
E-855-1,U+2328,âŒ¨,keyboard,,,,,emoji_4
C-203-1,U+23ED,â­,next,,,,,emoji_5
E-902-1,U+2602,â˜‚,umbrella,,,,,emoji_6
E-597-1,U+2615,â˜•,coffee,Drink,,,,emoji_7
E-598-1,U+2615,â˜•,tea,Drink,,,,emoji_8
E-1071-1,U+262A,â˜ª,star,Shapes,,,,emoji_9
E-643-1,U+267F,â™¿,wheelchair,,,,,emoji_10
C-244-1,U+26A1,âš¡,high,,,,,emoji_11
A-1066-1,U+26AA,âšª,circle,Shapes,,,,emoji_12
A-1110-1,U+26BD,âš½,soccer,Sports,,,,emoji_13
E-1108-1,U+26BE,âš¾,baseball,Sports,,,,emoji_14
C-152-1,U+26CF,â›,dig,,,,,emoji_15
E-953-1,U+26D1,â›‘,helmet,Clothing,Sports,,,emoji_16
E-639-1,U+26F4,â›´,ferry,,,,,emoji_17
E-637-1,U+26F8,â›¸,skate,,,,,emoji_18
A-457-1,U+270F,âœ,pencil,Art,,,,emoji_19
A-47-1,U+2B06,â¬†,up,,,,,emoji_20
A-48-1,U+2B07,â¬‡,down,,,,,emoji_21
A-1067-1,U+2B1C,â¬œ,square,Shapes,,,,emoji_22
A-280-1,U+1F303,ğŸŒƒ,night,Time,Calendar,,,emoji_23
E-1099-1,U+1F308,ğŸŒˆ,rainbow,Weather,,,,emoji_24
E-741-1,U+1F309,ğŸŒ‰,bridge,,,,,emoji_25
E-520-1,U+1F30A,ğŸŒŠ,wave,,,,,emoji_26
C-249-1,U+1F317,ğŸŒ—,last,,,,,emoji_27
E-513-1,U+1F31F,ğŸŒŸ,shine,,,,,emoji_28
E-889-1,U+1F321,ğŸŒ¡,thermometer,,,,,emoji_29
A-1098-1,U+1F327,ğŸŒ§,cloud,Weather,,,,emoji_30
E-1101-1,U+1F32A,ğŸŒª,tornado,Weather,,,,emoji_31
E-1100-1,U+1F32C,ğŸŒ¬,wind,Weather,,,,emoji_32
E-622-1,U+1F32E,ğŸŒ®,taco,Meal,Food,,,emoji_33
A-1075-1,U+1F334,ğŸŒ´,tree,,,,,emoji_34
E-585-1,U+1F336,ğŸŒ¶,pepper,Vegetable,Food,,,emoji_35
D-336-1,U+1F338,ğŸŒ¸,cherry,Fruit,,,,emoji_36
D-477-1,U+1F33D,ğŸŒ½,ear,,,,,emoji_37
E-1076-1,U+1F343,ğŸƒ,leaf,,,,,emoji_38
E-594-1,U+1F344,ğŸ„,mushroom,Vegetable,Food,,,emoji_39
D-338-1,U+1F345,ğŸ…,tomato,Fruit,,,,emoji_40
E-578-1,U+1F348,ğŸˆ,melon,Fruit,,,,emoji_41
D-329-1,U+1F349,ğŸ‰,watermelon,Fruit,,,,emoji_42
E-581-1,U+1F34B,ğŸ‹,lemon,Fruit,,,,emoji_43
A-328-1,U+1F34C,ğŸŒ,banana,Fruit,,,,emoji_44
D-335-1,U+1F34D,ğŸ,pineapple,Fruit,,,,emoji_45
D-334-1,U+1F350,ğŸ,pear,Fruit,,,,emoji_46
D-333-1,U+1F351,ğŸ‘,peach,Fruit,,,,emoji_47
D-331-1,U+1F353,ğŸ“,strawberry,Fruit,,,,emoji_48
A-379-1,U+1F354,ğŸ”,hamburger,Meat,Food,,,emoji_49
A-402-1,U+1F355,ğŸ•,pizza,Meal,Food,,,emoji_50
E-625-1,U+1F356,ğŸ–,barbeque,Condiments,,,,emoji_51
A-376-1,U+1F356,ğŸ–,meat,Meat,Food,,,emoji_52
A-385-1,U+1F358,ğŸ˜,rice,Grain,,,,emoji_53
A-387-1,U+1F35E,ğŸ,bread,Grain,,,,emoji_54
E-623-1,U+1F363,ğŸ£,sushi,Meal,Food,,,emoji_55
D-382-1,U+1F365,ğŸ¥,fish,Meat,Food,,,emoji_56
C-240-1,U+1F366,ğŸ¦,soft,,,,,emoji_57
A-361-1,U+1F36A,ğŸª,cookie,Dessert,,,,emoji_58
D-364-1,U+1F36C,ğŸ¬,candy,Dessert,,,,emoji_59
E-545-1,U+1F36C,ğŸ¬,sweet,,,,,emoji_60
D-399-1,U+1F36F,ğŸ¯,honey,Condiments,,,,emoji_61
E-575-1,U+1F371,ğŸ±,lunch,Meal,Food,,,emoji_62
E-871-1,U+1F372,ğŸ²,pot,,,,,emoji_63
E-867-1,U+1F374,ğŸ´,fork,,,,,emoji_64
E-576-1,U+1F37D,ğŸ½,dinner,Meal,Food,,,emoji_65
A-861-1,U+1F37E,ğŸ¾,bottle,,,,,emoji_66
A-471-1,U+1F382,ğŸ‚,birthday,Days,Calendar,,,emoji_67
E-1093-1,U+1F391,ğŸ‘,moon,,,,,emoji_68
E-1149-1,U+1F3A4,ğŸ¤,microphone,Music,,,,emoji_69
A-493-1,U+1F3A5,ğŸ¥,movie,,,,,emoji_70
E-1001-1,U+1F3A7,ğŸ§,headphone,,,,,emoji_71
E-943-1,U+1F3A9,ğŸ©,hat,Clothing,,,,emoji_72
E-914-1,U+1F3AE,ğŸ®,video,,,,,emoji_73
E-1000-1,U+1F3B2,ğŸ²,game,,,,,emoji_74
E-1115-1,U+1F3B3,ğŸ³,bowling,Art,,,,emoji_75
A-1082-1,U+1F3B4,ğŸ´,flower,,,,,emoji_76
A-1146-1,U+1F3B8,ğŸ¸,guitar,Music,,,,emoji_77
E-1147-1,U+1F3BB,ğŸ»,violin,Music,,,,emoji_78
E-1111-1,U+1F3BE,ğŸ¾,tennis,Sports,,,,emoji_79
A-1113-1,U+1F3C0,ğŸ€,basketball,Sports,,,,emoji_80
C-286-1,U+1F3C3,ğŸƒ,person,,,,,emoji_81
B-56-1,U+1F3C3,ğŸƒ,run,,,,,emoji_82
D-427-1,U+1F3C3 U+200D U+2640 U+FE0F,ğŸƒâ€â™€ï¸,woman,,,,,emoji_83
D-428-1,U+1F3C3 U+200D U+2642 U+FE0F,ğŸƒâ€â™‚ï¸,man,,,,,emoji_84
C-176-1,U+1F3C7,ğŸ‡,race,,,,,emoji_85
D-411-1,U+1F3CD,ğŸ,motorcycle,,,,,emoji_86
E-629-1,U+1F3CE,ğŸ,race car,car,,,,emoji_87
E-734-1,U+1F3D6,ğŸ–,beach,,,,,emoji_88
E-740-1,U+1F3D7,ğŸ—,building,,,,,emoji_89
E-761-1,U+1F3E1,ğŸ¡,garden,Home,,,,emoji_90
E-753-1,U+1F3E4,ğŸ¤,office,Home,,,,emoji_91
E-737-1,U+1F3E5,ğŸ¥,hospital,,,,,emoji_92
C-117-1,U+1F3E9,ğŸ©,love,,,,,emoji_93
A-441-1,U+1F3EB,ğŸ«,school,,,,,emoji_94
E-774-1,U+1F401,ğŸ,mouse,Farm,,,,emoji_95
A-765-1,U+1F404,ğŸ„,cow,Farm,,,,emoji_96
A-787-1,U+1F405,ğŸ…,tiger,Animal,,,,emoji_97
E-783-1,U+1F406,ğŸ†,panther,Animal,,,,emoji_98
A-763-1,U+1F407,ğŸ‡,rabbit,Pets,,,,emoji_99
A-449-1,U+1F408,ğŸˆ,cat,Pets,,,,emoji_100
E-707-1,U+1F409,ğŸ‰,dragon,Characters,,,,emoji_101
A-799-1,U+1F40B,ğŸ‹,whale,Animal,,,,emoji_102
E-818-1,U+1F40C,ğŸŒ,snail,Bugs,,,,emoji_103
E-796-1,U+1F40D,ğŸ,snake,Animal,,,,emoji_104
A-766-1,U+1F40E,ğŸ,horse,Farm,,,,emoji_105
E-768-1,U+1F410,ğŸ,goat,Farm,,,,emoji_106
A-776-1,U+1F412,ğŸ’,monkey,Animal,,,,emoji_107
E-773-1,U+1F413,ğŸ“,rooster,Farm,,,,emoji_108
A-770-1,U+1F414,ğŸ”,chicken,Farm,,,,emoji_109
E-772-1,U+1F414,ğŸ”,hen,Farm,,,,emoji_110
A-448-1,U+1F415,ğŸ•,dog,Pets,,,,emoji_111
A-769-1,U+1F416,ğŸ–,pig,Farm,,,,emoji_112
E-793-1,U+1F418,ğŸ˜,elephant,Animal,,,,emoji_113
E-806-1,U+1F419,ğŸ™,octopus,Animal,,,,emoji_114
A-452-1,U+1F41B,ğŸ›,bug,,,,,emoji_115
A-814-1,U+1F41C,ğŸœ,ant,Bugs,,,,emoji_116
E-762-1,U+1F422,ğŸ¢,turtle,Pets,,,,emoji_117
A-450-1,U+1F426,ğŸ¦,bird,Pets,,,,emoji_118
E-803-1,U+1F427,ğŸ§,penguin,Animal,,,,emoji_119
A-800-1,U+1F42C,ğŸ¬,dolphin,Animal,,,,emoji_120
E-764-1,U+1F438,ğŸ¸,frog,Pets,,,,emoji_121
E-779-1,U+1F43A,ğŸº,wolf,Animal,,,,emoji_122
E-802-1,U+1F43B,ğŸ»,polar bear,Animal,,,,emoji_123
E-788-1,U+1F43B,ğŸ»,bear,Animal,,,,emoji_124
A-780-1,U+1F43F,ğŸ¿,squirrel,Animal,,,,emoji_125
A-33-1,U+1F440,ğŸ‘€,watch,,,,,emoji_126
A-474-1,U+1F441,ğŸ‘,eye,,,,,emoji_127
A-475-1,U+1F443,ğŸ‘ƒ,nose,,,,,emoji_128
A-476-1,U+1F444,ğŸ‘„,mouth,,,,,emoji_129
B-102-1,U+1F44B,ğŸ‘‹,goodbye,,,,,emoji_130
A-11-1,U+1F44D,ğŸ‘,like,,,,,emoji_131
E-703-1,U+1F451,ğŸ‘‘,king,Characters,,,,emoji_132
E-964-1,U+1F451,ğŸ‘‘,crown,Clothing,,,,emoji_133
E-934-1,U+1F457,ğŸ‘—,dress,Clothing,,,,emoji_134
E-937-1,U+1F457,ğŸ‘—,skirt,Clothing,,,,emoji_135
E-945-1,U+1F45E,ğŸ‘,shoe,Clothing,,,,emoji_136
D-425-1,U+1F466,ğŸ‘¦,boy,,,,,emoji_137
D-426-1,U+1F467,ğŸ‘§,girl,,,,,emoji_138
E-685-1,U+1F46E,ğŸ‘®,police officer,,,,,emoji_139
B-87-1,U+1F46F,ğŸ‘¯,fun ,,,,,emoji_140
C-235-1,U+1F474,ğŸ‘´,old,,,,,emoji_141
E-706-1,U+1F478,ğŸ‘¸,princess,Characters,,,,emoji_142
E-723-1,U+1F479,ğŸ‘¹,ogre,Characters,,,,emoji_143
C-272-1,U+1F479,ğŸ‘¹,scary,Feelings,,,,emoji_144
E-718-1,U+1F47A,ğŸ‘º,goblin,Characters,,,,emoji_145
E-716-1,U+1F47B,ğŸ‘»,ghost,Characters,,,,emoji_146
E-712-1,U+1F47D,ğŸ‘½,alien,Characters,,,,emoji_147
C-111-1,U+1F481,ğŸ’,carry,,,,,emoji_148
E-894-1,U+1F485,ğŸ’…,nail polish,,,,,emoji_149
E-530-1,U+1F486,ğŸ’†,rub,,,,,emoji_150
E-896-1,U+1F487,ğŸ’‡,haircut,,,,,emoji_151
E-961-1,U+1F48D,ğŸ’,ring,Clothing,,,,emoji_152
E-1064-1,U+1F498,ğŸ’˜,heart,,,,,emoji_153
E-1072-1,U+1F498,ğŸ’˜,heart,Shapes,,,,emoji_154
A-276-1,U+1F4A0,ğŸ’ ,shape,Shapes,,,,emoji_155
E-1073-1,U+1F4A0,ğŸ’ ,diamond,Shapes,,,,emoji_156
C-271-1,U+1F4A1,ğŸ’¡,light,,,,,emoji_157
E-995-1,U+1F4A1,ğŸ’¡,light,,,,,emoji_158
E-570-1,U+1F4AA,ğŸ’ª,strong,,,,,emoji_159
E-906-1,U+1F4B0,ğŸ’°,money,,,,,emoji_160
A-279-1,U+1F4C5,ğŸ“…,day,Day,Calendar,,,emoji_161
E-1030-1,U+1F4C5,ğŸ“…,calendar,Days,Calendar,,,emoji_162
E-904-1,U+1F4C7,ğŸ“‡,card,,,,,emoji_163
E-543-1,U+1F4CF,ğŸ“,straight,,,,,emoji_164
E-845-1,U+1F4CF,ğŸ“,ruler,Art,,,,emoji_165
E-846-1,U+1F4CF,ğŸ“,clay,Art,,,,emoji_166
E-516-1,U+1F4D4,ğŸ“”,cover,,,,,emoji_167
E-993-1,U+1F4DE,ğŸ“,phone,,,,,emoji_168
C-226-1,U+1F4E2,ğŸ“¢,loud,,,,,emoji_169
E-1020-1,U+1F4E7,ğŸ“§,mail ,,,,,emoji_170
E-849-1,U+1F4E9,ğŸ“©,envelope,Art,,,,emoji_171
E-998-1,U+1F4ED,ğŸ“­,mailbox,,,,,emoji_172
E-917-1,U+1F4F7,ğŸ“·,camera,,,,,emoji_173
E-991-1,U+1F4FA,ğŸ“º,television,,,,,emoji_174
E-999-1,U+1F4FB,ğŸ“»,radio,,,,,emoji_175
D-322-1,U+1F506,ğŸ”†,bright,,,,,emoji_176
E-900-1,U+1F50A,ğŸ”Š,sound,,,,,emoji_177
E-918-1,U+1F50B,ğŸ”‹,battery,,,,,emoji_178
E-858-1,U+1F50C,ğŸ”Œ,plug,,,,,emoji_179
E-518-1,U+1F50D,ğŸ”,search,,,,,emoji_180
E-907-1,U+1F511,ğŸ”‘,key,,,,,emoji_181
A-278-1,U+1F522,ğŸ”¢,number,,,,,emoji_182
E-919-1,U+1F526,ğŸ”¦,flashlight,,,,,emoji_183
A-922-1,U+1F527,ğŸ”§,wrench,Tools,,,,emoji_184
A-920-1,U+1F528,ğŸ”¨,hammer,Tools,,,,emoji_185
D-375-1,U+1F529,ğŸ”©,nut,Snack,Food,,,emoji_186
E-925-1,U+1F529,ğŸ”©,screw ,Tools,,,,emoji_187
A-746-1,U+1F52A,ğŸ”ª,kitchen,Home,,,,emoji_188
E-910-1,U+1F550,ğŸ•,clock,,,,,emoji_189
E-911-1,U+1F56F,ğŸ•¯,candle,,,,,emoji_190
A-813-1,U+1F577,ğŸ•·,spider,Bugs,,,,emoji_191
E-841-1,U+1F58A,ğŸ–Š,pen,Art,,,,emoji_192
C-151-1,U+1F58C,ğŸ–Œ,paint,,,,,emoji_193
E-842-1,U+1F58C,ğŸ–Œ,paint brush,Art,,,,emoji_194
A-830-1,U+1F58D,ğŸ–,crayon,Art,,,,emoji_195
D-480-1,U+1F590,ğŸ–,hand,,,,,emoji_196
E-857-1,U+1F5A8,ğŸ–¨,printer,,,,,emoji_197
E-856-1,U+1F5B1,ğŸ–±,computer mouse,,,,,emoji_198
E-1009-1,U+1F5D1,ğŸ—‘,trash can,,,,,emoji_199
C-253-1,U+1F5EF,ğŸ—¯,right,,,,,emoji_200
E-551-1,U+1F911,ğŸ¤‘,rich,,,,,emoji_201
C-248-1,U+1F912,ğŸ¤’,sick,Feelings,,,,emoji_202
E-561-1,U+1F915,ğŸ¤•,hurt,Feelings,,,,emoji_203
A-722-1,U+1F916,ğŸ¤–,robot,Characters,,,,emoji_204
E-521-1,U+1F91D,ğŸ¤,meet,,,,,emoji_205
E-713-1,U+1F920,ğŸ¤ ,cowboy,Characters,,,,emoji_206
E-732-1,U+1F921,ğŸ¤¡,clown,Characters,,,,emoji_207
E-505-1,U+1F925,ğŸ¤¥,lie,,,,,emoji_208
E-892-1,U+1F927,ğŸ¤§,wipe,,,,,emoji_209
E-508-1,U+1F927,ğŸ¤§,sneeze,,,,,emoji_210
C-250-1,U+1F929,ğŸ¤©,excited,Feelings,,,,emoji_211
C-225-1,U+1F92B,ğŸ¤«,quiet,,,,,emoji_212
A-1050-1,U+1F92E,ğŸ¤®,vomit,,,,,emoji_213
E-705-1,U+1F934,ğŸ¤´,prince,Characters,,,,emoji_214
A-1145-1,U+1F941,ğŸ¥,drum,Music,,,,emoji_215
E-866-1,U+1F944,ğŸ¥„,spoon,,,,,emoji_216
D-324-1,U+1F951,ğŸ¥‘,avocado,Fruit,,,,emoji_217
D-342-1,U+1F952,ğŸ¥’,cucumber,Vegetable,Food,,,emoji_218
A-344-1,U+1F954,ğŸ¥”,potato,Vegetable,Food,,,emoji_219
A-343-1,U+1F955,ğŸ¥•,carrot,Vegetable,Food,,,emoji_220
E-627-1,U+1F957,ğŸ¥—,salad ,Meal,Food,,,emoji_221
E-872-1,U+1F958,ğŸ¥˜,pan,,,,,emoji_222
A-349-1,U+1F95A,ğŸ¥š,egg,Dairy,,,,emoji_223
E-864-1,U+1F95B,ğŸ¥›,glass,,,,,emoji_224
E-579-1,U+1F95D,ğŸ¥,kiwi,Fruit,,,,emoji_225
E-870-1,U+1F963,ğŸ¥£,bowl,,,,,emoji_226
E-599-1,U+1F964,ğŸ¥¤,milkshake,Drink,,,,emoji_227
A-863-1,U+1F964,ğŸ¥¤,cup,,,,,emoji_228
D-341-1,U+1F966,ğŸ¥¦,broccoli,Vegetable,Food,,,emoji_229
E-601-1,U+1F967,ğŸ¥§,pie,Dessert,,,,emoji_230
E-610-1,U+1F967,ğŸ¥§,pastry,Grain,,,,emoji_231
A-372-1,U+1F968,ğŸ¥¨,pretzel,Snack,Food,,,emoji_232
E-606-1,U+1F969,ğŸ¥©,steak,Meat,Food,,,emoji_233
D-401-1,U+1F96A,ğŸ¥ª,sandwich,Meal,Food,,,emoji_234
D-337-1,U+1F96D,ğŸ¥­,mango,Fruit,,,,emoji_235
D-393-1,U+1F96F,ğŸ¥¯,bagel,Grain,,,,emoji_236
B-84-1,U+1F976,ğŸ¥¶,cold,,,,,emoji_237
E-714-1,U+1F977,ğŸ¥·,ninja,Characters,,,,emoji_238
E-946-1,U+1F97E,ğŸ¥¾,boot,Clothing,,,,emoji_239
E-952-1,U+1F97F,ğŸ¥¿,slipper,Clothing,,,,emoji_240
E-542-1,U+1F97F,ğŸ¥¿,flat,,,,,emoji_241
E-808-1,U+1F980,ğŸ¦€,crab,Animal,,,,emoji_242
A-786-1,U+1F981,ğŸ¦,lion,Animal,,,,emoji_243
E-775-1,U+1F983,ğŸ¦ƒ,turkey,Farm,,,,emoji_244
E-605-1,U+1F983,ğŸ¦ƒ,turkey,Meat,Food,,,emoji_245
E-711-1,U+1F984,ğŸ¦„,unicorn,Characters,,,,emoji_246
E-771-1,U+1F986,ğŸ¦†,duck,Farm,,,,emoji_247
A-455-1,U+1F988,ğŸ¦ˆ,shark,Animal,,,,emoji_248
E-782-1,U+1F98A,ğŸ¦Š,fox,Animal,,,,emoji_249
A-451-1,U+1F98B,ğŸ¦‹,butterfly,Bugs,,,,emoji_250
E-778-1,U+1F98C,ğŸ¦Œ,deer,Animal,,,,emoji_251
E-791-1,U+1F98D,ğŸ¦,gorilla,Animal,,,,emoji_252
E-797-1,U+1F98E,ğŸ¦,lizard,Animal,,,,emoji_253
E-795-1,U+1F98F,ğŸ¦,rhino,Animal,,,,emoji_254
E-789-1,U+1F992,ğŸ¦’,giraffe,Animal,,,,emoji_255
E-790-1,U+1F993,ğŸ¦“,zebra,Animal,,,,emoji_256
E-820-1,U+1F997,ğŸ¦—,grasshopper,Bugs,,,,emoji_257
E-781-1,U+1F99D,ğŸ¦,raccoon,Animal,,,,emoji_258
E-809-1,U+1F99E,ğŸ¦,lobster,Animal,,,,emoji_259
E-807-1,U+1F9A6,ğŸ¦¦,otter,Animal,,,,emoji_260
E-792-1,U+1F9A7,ğŸ¦§,orangutan,Animal,,,,emoji_261
E-784-1,U+1F9A8,ğŸ¦¨,skunk,Animal,,,,emoji_262
E-785-1,U+1F9A9,ğŸ¦©,flamingo,Animal,,,,emoji_263
E-804-1,U+1F9AD,ğŸ¦­,seal,Animal,,,,emoji_264
E-805-1,U+1F9AD,ğŸ¦­,sea lion,Animal,,,,emoji_265
E-1065-1,U+1F9B4,ğŸ¦´,bone,,,,,emoji_266
D-483-1,U+1F9B5,ğŸ¦µ,leg,,,,,emoji_267
D-484-1,U+1F9B6,ğŸ¦¶,foot,,,,,emoji_268
D-478-1,U+1F9B7,ğŸ¦·,tooth,,,,,emoji_269
A-698-1,U+1F9B8,ğŸ¦¸,super hero,Characters,,,,emoji_270
E-700-1,U+1F9B8,ğŸ¦¸,hero,Characters,,,,emoji_271
E-699-1,U+1F9B9,ğŸ¦¹,villain,Characters,,,,emoji_272
A-350-1,U+1F9C0,ğŸ§€,cheese,Dairy,,,,emoji_273
D-365-1,U+1F9C1,ğŸ§,cupcake,Dessert,,,,emoji_274
E-615-1,U+1F9C2,ğŸ§‚,salt,Condiments,,,,emoji_275
E-584-1,U+1F9C5,ğŸ§…,onion,Vegetable,Food,,,emoji_276
D-390-1,U+1F9C7,ğŸ§‡,waffle,Grain,,,,emoji_277
E-616-1,U+1F9C8,ğŸ§ˆ,butter,Condiments,,,,emoji_278
E-693-1,U+1F9D1 U+200D U+1F33E,ğŸ§‘â€ğŸŒ¾,farmer,,,,,emoji_279
A-438-1,U+1F9D1 U+200D U+1F3EB,ğŸ§‘â€ğŸ«,teacher,School,,,,emoji_280
E-679-1,U+1F9D2,ğŸ§’,child,,,,,emoji_281
E-727-1,U+1F9D9,ğŸ§™,wizard,Characters,,,,emoji_282
E-709-1,U+1F9DA,ğŸ§š,fairy,Characters,,,,emoji_283
E-721-1,U+1F9DB,ğŸ§›,vampire,Characters,,,,emoji_284
E-710-1,U+1F9DC U+200D U+2640 U+FE0F,ğŸ§œâ€â™€ï¸,mermaid,Characters,,,,emoji_285
E-719-1,U+1F9DF,ğŸ§Ÿ,zombie,Characters,,,,emoji_286
E-1063-1,U+1F9E0,ğŸ§ ,brain,,,,,emoji_287
E-949-1,U+1F9E3,ğŸ§£,scarf,Clothing,Cold,,,emoji_288
E-947-1,U+1F9E4,ğŸ§¤,glove,Clothing,Cold,,,emoji_289
E-941-1,U+1F9E6,ğŸ§¦,sock,Clothing,,,,emoji_290
E-852-1,U+1F9E9,ğŸ§©,piece,,,,,emoji_291
D-465-1,U+1F9E9,ğŸ§©,puzzle,Toys,,,,emoji_292
E-913-1,U+1F9F2,ğŸ§²,magnet,,,,,emoji_293
E-524-1,U+1F9F3,ğŸ§³,pack,,,,,emoji_294
E-883-1,U+1F9F4,ğŸ§´,lotion,,,,,emoji_295
E-885-1,U+1F9F4,ğŸ§´,hand sanitizer,,,,,emoji_296
E-1010-1,U+1F9F9,ğŸ§¹,broom,,,,,emoji_297
E-854-1,U+1F9FA,ğŸ§º,basket,,,,,emoji_298
A-882-1,U+1F9FC,ğŸ§¼,soap,,,,,emoji_299
C-129-1,U+1F9FC,ğŸ§¼,wash,,,,,emoji_300
E-881-1,U+1F9FD,ğŸ§½,sponge,,,,,emoji_301
E-940-1,U+1FA71,ğŸ©±,swimsuit,Clothing,,,,emoji_302
E-938-1,U+1FA72,ğŸ©²,underwear,Clothing,,,,emoji_303
A-1046-1,U+1FA78,ğŸ©¸,blood,Hurt,,,,emoji_304
E-888-1,U+1FA79,ğŸ©¹,bandage,,,,,emoji_305
A-966-1,U+1FA91,ğŸª‘,chair,,,,,emoji_306
C-256-1,U+1FA92,ğŸª’,sharp,,,,,emoji_307
C-238-1,U+1FA98,ğŸª˜,long,,,,,emoji_308
E-927-1,U+1FA9A,ğŸªš,saw,Tools,,,,emoji_309
A-921-1,U+1FA9B,ğŸª›,screwdriver,Tools,,,,emoji_310
E-931-1,U+1FA9C,ğŸªœ,ladder,Tools,,,,emoji_311
E-905-1,U+1FA9E,ğŸª,mirror,,,,,emoji_312
E-974-1,U+1FA9F,ğŸªŸ,window,,,,,emoji_313
A-458-1,U+1FAA5,ğŸª¥,toothbrush,,,,,emoji_314
A-1077-1,U+1FAA8,ğŸª¨,rock,,,,,emoji_315
E-812-1,U+1FAB0,ğŸª°,fly,Bugs,,,,emoji_316
E-817-1,U+1FAB1,ğŸª±,worm,Bugs,,,,emoji_317
E-1037-1,U+1F602,ğŸ˜‚,face,,,,,emoji_318
C-172-1,U+1F602,ğŸ˜‚,laugh,,,,,emoji_319
E-529-1,U+1F602,ğŸ˜‚,tear,,,,,emoji_320
E-519-1,U+1F60A,ğŸ˜Š,smile,,,,,emoji_321
B-89-1,U+1F60B,ğŸ˜‹,hungry,Feelings,,,,emoji_322
E-511-1,U+1F60B,ğŸ˜‹,lick,,,,,emoji_323
E-535-1,U+1F615,ğŸ˜•,confuse,,,,,emoji_324
E-555-1,U+1F61C,ğŸ˜œ,crazy,,,,,emoji_325
E-564-1,U+1F621,ğŸ˜¡,hate,,,,,emoji_326
A-51-1,U+1F625,ğŸ˜¥,sad,Feelings,,,,emoji_327
C-247-1,U+1F62B,ğŸ˜«,tired,Feelings,,,,emoji_328
C-112-1,U+1F62D,ğŸ˜­,cry,,,,,emoji_329
C-162-1,U+1F62E,ğŸ˜®,surprise,,,,,emoji_330
D-318-1,U+1F630,ğŸ˜°,anxious,Feelings,,,,emoji_331
E-1049-1,U+1F630,ğŸ˜°,sweat ,,,,,emoji_332
E-950-1,U+1F637,ğŸ˜·,mask,Clothing,,,,emoji_333
E-559-1,U+1F64D,ğŸ™,upset,Feelings,,,,emoji_334
C-103-1,U+1F64F,ğŸ™,please,,,,,emoji_335
E-527-1,U+1F64F,ğŸ™,thank,,,,,emoji_336
D-416-1,U+1F681,ğŸš,helicopter,,,,,emoji_337
A-409-1,U+1F686,ğŸš†,train,,,,,emoji_338
E-736-1,U+1F689,ğŸš‰,station,,,,,emoji_339
D-415-1,U+1F68C,ğŸšŒ,bus,,,,,emoji_340
E-641-1,U+1F68E,ğŸš,trolley,,,,,emoji_341
D-414-1,U+1F691,ğŸš‘,ambulance,,,,,emoji_342
D-502-1,U+1F699,ğŸš™,sport,,,,,emoji_343
D-412-1,U+1F69C,ğŸšœ,tractor,,,,,emoji_344
E-1089-1,U+1F69E,ğŸš,mountain,,,,,emoji_345
E-638-1,U+1F6A2,ğŸš¢,ship,,,,,emoji_346
E-973-1,U+1F6AA,ğŸšª,door,,,,,emoji_347
E-971-1,U+1F6B0,ğŸš°,sink,,,,,emoji_348
A-40-1,U+1F6B6,ğŸš¶,walk,,,,,emoji_349
A-972-1,U+1F6BD,ğŸš½,toilet,,,,,emoji_350
E-990-1,U+1F6C1,ğŸ›,bathtub,,,,,emoji_351
E-968-1,U+1F6CB,ğŸ›‹,couch,,,,,emoji_352
A-31-1,U+1F6CC,ğŸ›Œ,sleep,,,,,emoji_353
E-829-1,U+1F6CD,ğŸ›,bag,,,,,emoji_354
A-965-1,U+1F6CF,ğŸ›,bed,,,,,emoji_355
A-19-1,U+1F6D1,ğŸ›‘,stop,,,,,emoji_356
E-875-1,U+1F6D7,ğŸ›—,elevator,,,,,emoji_357
A-410-1,U+1F6EB,ğŸ›«,airplane,,,,,emoji_358
E-635-1,U+1F6F5,ğŸ›µ,scooter,,,,,emoji_359
E-636-1,U+1F6F9,ğŸ›¹,skateboard,,,,,emoji_360
A-265-1,U+1F7E4,ğŸŸ¤,brown,Colors,,,,emoji_361
E-546-1,U+1F193,ğŸ†“,free,,,,,emoji_362
C-181-1,https://d18vdu4p71yql0.cloudfront.net/libraries/noun-project/Forget-8ac80c1acd.svg,https://d18vdu4p71yql0.cloudfront.net/libraries/noun-project/Forget-8ac80c1acd.svg,forget,,,,,
C-220-1,https://d18vdu4p71yql0.cloudfront.net/libraries/noun-project/Frustrated_182_g.svg,https://d18vdu4p71yql0.cloudfront.net/libraries/noun-project/Frustrated_182_g.svg,mean,,,,,
C-223-1,https://d18vdu4p71yql0.cloudfront.net/libraries/noun-project/makeup_977_g.svg,https://d18vdu4p71yql0.cloudfront.net/libraries/noun-project/makeup_977_g.svg,pretty,,,,,
A-10-1,https://d18vdu4p71yql0.cloudfront.net/libraries/tawasol/Want%20(M).png,https://d18vdu4p71yql0.cloudfront.net/libraries/tawasol/237-to%20want%20copycolored%20balls.png,want,,,,,
B-61-1,https://drive.google.com/file/d/1vkGVyaR5JI5xLhGeoU5kkK5G_4bxVVk5/view?usp=sharing,https://d18vdu4p71yql0.cloudfront.net/libraries/tawasol/can%20able.jpg,can,,,,,
C-221-1,https://d18vdu4p71yql0.cloudfront.net/libraries/tawasol/feeling%20bored%20(1).jpg,https://d18vdu4p71yql0.cloudfront.net/libraries/tawasol/feeling%20bored%20(1).jpg,bored,Feelings,,,,
A-27-1,https://drive.google.com/file/d/1mX6Vw9bkmDOn3s6zOnudfleLqcsy_AKt/view?usp=sharing,https://d18vdu4p71yql0.cloudfront.net/libraries/twemoji/1f440.svg,look,,,,,
C-222-1,https://d18vdu4p71yql0.cloudfront.net/libraries/twemoji/1f60b.svg,https://d18vdu4p71yql0.cloudfront.net/libraries/twemoji/1f60b.svg,silly,Feelings,,,,
A-34-1,https://d18vdu4p71yql0.cloudfront.net/libraries/tawasol/come_1.jpg,#N/A,come,,,,,
A-37-1,https://drive.google.com/file/d/1Becr8lMwpD3aqLZo3kOyQ7X_nc9PYXXF/view?usp=sharing,#N/A,close,,,,,
B-62-1,https://drive.google.com/file/d/12pc9PTgw7TD8nJiAuBsa6QDtVMdQSVwA/view?usp=sharing,#N/A,bring,,,,,
B-63-1,https://drive.google.com/file/d/1h0753gIURBi8TwzGrbepdClebhOkj7tu/view?usp=sharing,#N/A,buy,,,,,
B-64-1,https://drive.google.com/file/d/1v4fF3yJpyK5sN_pB874uVftiycwBembX/view?usp=sharing,#N/A,call,,,,,
B-65-1,https://d18vdu4p71yql0.cloudfront.net/libraries/tawasol/change.jpg,#N/A,change,,,,,
B-66-1,https://drive.google.com/file/d/1rB_VaVrUeB8eBmSsL8069LEV7VamEF71/view?usp=sharing,#N/A,color,,,,,
B-71-1,https://drive.google.com/file/d/17TS6ocjA47tTeDsBiok13Lafrjl-JmjN/view?usp=sharing,#N/A,dress,,,,,
C-109-1,https://drive.google.com/file/d/1NslrY9Fo0UqpEGUJytHNtZoiRVBMiSO5/view?usp=sharing,#N/A,ask,,,,,
C-114-1,https://d18vdu4p71yql0.cloudfront.net/libraries/noun-project/drive_18_677708.svg,#N/A,drive,,,,,
C-120-1,https://drive.google.com/file/d/1DmLqKaLyPqrJgaHIxe9eMnoTxUNJedVO/view?usp=sharing,#N/A,draw,,,,,
C-143-1,https://d18vdu4p71yql0.cloudfront.net/libraries/tawasol/Catch%20(M).png,#N/A,catch,,,,,
C-145-1,https://d18vdu4p71yql0.cloudfront.net/libraries/twemoji/1f9d7.svg,#N/A,climb,,,,,
C-149-1,https://d18vdu4p71yql0.cloudfront.net/libraries/twemoji/1f57a-1f3ff.svg,#N/A,dance,,,,,
C-153-1,https://d18vdu4p71yql0.cloudfront.net/libraries/noun-project/Airplane-accident_437_308427.svg,#N/A,crash,,,,,
C-154-1,https://drive.google.com/file/d/1d2d04bGcyUmc8ZpOLHY7uPefGfEcZ1bK/view?usp=sharing,#N/A,crawl,,,,,
C-165-1,https://drive.google.com/file/d/1EEQTyOVKL8KSC_94CKooO4NaPs0squpk/view?usp=sharing,#N/A,cook,,,,,
C-169-1,https://d18vdu4p71yql0.cloudfront.net/libraries/noun-project/Ice-pop-with-Bite_448_620499.svg,#N/A,bite,,,,,
C-184-1,https://drive.google.com/file/d/1-hVo5UErmkPovtccSmHHMxJfaR0woQ0s/view?usp=sharing,#N/A,build,,,,,
C-295-1,https://d18vdu4p71yql0.cloudfront.net/libraries/twemoji/1f4a8.svg,#N/A,blow,,,,,
C-296-1,https://d18vdu4p71yql0.cloudfront.net/libraries/noun-project/Four_846_200218.svg,#N/A,count,,,,,
C-299-1,https://d18vdu4p71yql0.cloudfront.net/libraries/noun-project/Basketball_295_33122.svg,#N/A,bounce,,,,,
D-302-1,"https://d18vdu4p71yql0.cloudfront.net/libraries/mulberry/brush%20hair%20,%20to.svg",#N/A,brush,,,,,
D-308-1,https://d18vdu4p71yql0.cloudfront.net/libraries/noun-project/Running-69a8ec863a.svg,#N/A,chase,,,,,
D-310-1,"https://d18vdu4p71yql0.cloudfront.net/libraries/mulberry/clean%20window%20,%20to.svg",#N/A,clean,,,,,
E-507-1,https://d18vdu4p71yql0.cloudfront.net/libraries/noun-project/sick_35_161101.svg,#N/A,cough,,,,,
E-526-1,https://d18vdu4p71yql0.cloudfront.net/libraries/twemoji/1f4ad.svg,#N/A,believe,,,,,
E-534-1,https://d18vdu4p71yql0.cloudfront.net/libraries/noun-project/Dream-6c969e776f.svg,#N/A,dream,,,,,
E-536-1,https://drive.google.com/file/d/1AMrikR29NkiFtMr7Vx3m_Vz2q9L8sFhc/view?usp=sharing,#N/A,chew,,,,,
E-541-1,https://d18vdu4p71yql0.cloudfront.net/libraries/noun-project/dead_918_680221.svg,#N/A,die,,,,,
A-815-1,https://drive.google.com/file/d/1kFZkkDHZ5ld3oa46jYY3SWPmXnXVsm-R/view?usp=sharing,#N/A,bee,Bugs,,,,
E-816-1,https://d18vdu4p71yql0.cloudfront.net/libraries/noun-project/Caterpillar_259_687618.svg,#N/A,caterpillar,Bugs,,,,
E-819-1,https://d18vdu4p71yql0.cloudfront.net/libraries/noun-project/Slug_7_g.svg,#N/A,slug,Bugs,,,,
A-886-1,https://d18vdu4p71yql0.cloudfront.net/libraries/noun-project/Medicine_637_g.svg,#N/A,medicine,,,,,
D-459-1,https://d18vdu4p71yql0.cloudfront.net/libraries/mulberry/toothpaste.svg,#N/A,brush,,,,,
D-460-1,https://d18vdu4p71yql0.cloudfront.net/libraries/noun-project/towel_142_g.svg,#N/A,towel,,,,,
D-461-1,https://d18vdu4p71yql0.cloudfront.net/libraries/twemoji/1f9fb.svg,#N/A,toilet paper,,,,,
E-876-1,https://d18vdu4p71yql0.cloudfront.net/libraries/noun-project/Comb_503_128457.svg,#N/A,comb,,,,,
E-877-1,https://drive.google.com/file/d/1M-ktak33_62bVvewbn3OfEECnabmIimJ/view?usp=sharing,#N/A,cloth,,,,,
E-878-1,https://d18vdu4p71yql0.cloudfront.net/libraries/noun-project/shampoo_194_g.svg,#N/A,shampoo,,,,,
E-879-1,https://drive.google.com/file/d/13aX5N_LVD33H3gcpbIdS9sI_g5ig4BGx/view?usp=sharing,#N/A,conditioner,,,,,
E-880-1,https://d18vdu4p71yql0.cloudfront.net/libraries/mulberry/deodorant.svg,#N/A,deodorant,,,,,
E-884-1,https://d18vdu4p71yql0.cloudfront.net/libraries/mulberry/sunscreen.svg,#N/A,sunscreen,,,,,
E-887-1,https://drive.google.com/file/d/1A1N-8WOEWj1wR9RaBP-5kxvK9VRqaWvf/view?usp=sharing,#N/A,vitamin,,,,,
E-890-1,https://d18vdu4p71yql0.cloudfront.net/libraries/noun-project/Nail-Clippers_381_g.svg,#N/A,clipper,,,,,
E-891-1,https://d18vdu4p71yql0.cloudfront.net/libraries/noun-project/Tissue-Paper_670_163199.svg,#N/A,tissue,,,,,
E-893-1,https://d18vdu4p71yql0.cloudfront.net/libraries/mulberry/make%20up.svg,#N/A,make up,,,,,
E-895-1,https://drive.google.com/file/d/13Lc5jT8vaxxEKTA4ANqcCPvqQA8fMahR/view?usp=sharing,#N/A,diaper cream,,,,,
E-897-1,https://drive.google.com/file/d/1S1N8dT0yI6s90GDccdda_FkHtBcbX14W/view?usp=sharing,#N/A,chapstick,,,,,
E-898-1,https://d18vdu4p71yql0.cloudfront.net/libraries/noun-project/Perfume_584_153387.svg,#N/A,perfume,,,,,
E-899-1,https://drive.google.com/file/d/1or6ywKFqGBk4oAiyhvSfVk74DZiX7zcd/view?usp=sharing,#N/A,barrette,,,,,
E-901-1,https://d18vdu4p71yql0.cloudfront.net/libraries/noun-project/Bath_971_26805.svg,#N/A,bath,,,,,
A-697-1,https://d18vdu4p71yql0.cloudfront.net/libraries/noun-project/Person-067d45fe0b.svg,#N/A,character,Characters,,,,
A-701-1,https://d18vdu4p71yql0.cloudfront.net/libraries/mulberry/monster.svg,#N/A,monster,Characters,,,,
E-704-1,https://d18vdu4p71yql0.cloudfront.net/libraries/noun-project/queen_611_g.svg,#N/A,queen,Characters,,,,
E-708-1,https://d18vdu4p71yql0.cloudfront.net/libraries/noun-project/Knight-e4be876a2d.svg,#N/A,knight,Characters,,,,
E-715-1,https://d18vdu4p71yql0.cloudfront.net/libraries/twemoji/1f40e.svg,#N/A,centaur,Characters,,,,
E-717-1,https://d18vdu4p71yql0.cloudfront.net/libraries/noun-project/Witch_967_g.svg,#N/A,witch,Characters,,,,
E-720-1,https://d18vdu4p71yql0.cloudfront.net/libraries/noun-project/Werewolf_690_g.svg,#N/A,werewolf,Characters,,,,
E-724-1,https://d18vdu4p71yql0.cloudfront.net/libraries/mulberry/clothes%20extra%20large.svg,#N/A,giant,Characters,,,,
E-725-1,https://d18vdu4p71yql0.cloudfront.net/libraries/noun-project/cute-creature_146_713718.svg,#N/A,creature,Characters,,,,
E-726-1,https://d18vdu4p71yql0.cloudfront.net/libraries/noun-project/Witch_967_g.svg,#N/A,troll,Characters,,,,
E-728-1,https://d18vdu4p71yql0.cloudfront.net/libraries/noun-project/Santa-4c725051cb.svg,#N/A,Santa Claus,Characters,,,,
E-729-1,https://d18vdu4p71yql0.cloudfront.net/libraries/twemoji/1f407.svg,#N/A,Easter Bunny,Characters,,,,
E-730-1,https://d18vdu4p71yql0.cloudfront.net/libraries/twemoji/1f9da-200d-2642-fe0f.svg,#N/A,leprechaun,Characters,,,,
E-731-1,https://d18vdu4p71yql0.cloudfront.net/libraries/noun-project/Tooth-e4cb7a2930.svg,#N/A,Tooth Fairy,Characters,,,,
A-462-1,https://d18vdu4p71yql0.cloudfront.net/libraries/twemoji/1f455.svg,#N/A,clothing,Clothing,,,,
A-932-1,https://d18vdu4p71yql0.cloudfront.net/libraries/noun-project/t-shirt_410_g.svg,#N/A,shirt,Clothing,,,,
A-933-1,https://d18vdu4p71yql0.cloudfront.net/libraries/noun-project/pants_70_g.svg,#N/A,pants,Clothing,,,,
E-935-1,https://d18vdu4p71yql0.cloudfront.net/libraries/noun-project/Jacket_215_g.svg,#N/A,jacket,Clothing,,,,
E-936-1,https://drive.google.com/file/d/1hsdLvSgccY7ZX9hA3eNKDW_4WJ32rn9m/view?usp=sharing,#N/A,sweater,Clothing,,,,
E-939-1,https://d18vdu4p71yql0.cloudfront.net/libraries/noun-project/Bra_326_70910.svg,#N/A,bra,Clothing,,,,
E-942-1,https://d18vdu4p71yql0.cloudfront.net/libraries/noun-project/diaper_103_679999.svg,#N/A,diaper,Clothing,,,,
E-944-1,https://d18vdu4p71yql0.cloudfront.net/libraries/noun-project/Pajamas_243_g.svg,#N/A,pajamas,Clothing,,,,
E-948-1,https://d18vdu4p71yql0.cloudfront.net/libraries/mulberry/mittens.svg,#N/A,mitten,Clothing,Cold,,,
E-951-1,https://d18vdu4p71yql0.cloudfront.net/libraries/tawasol/Swim%20suit%20(F).png,#N/A,costume,Clothing,,,,
E-954-1,https://d18vdu4p71yql0.cloudfront.net/libraries/noun-project/Button_144_573576.svg,#N/A,button,Clothing,,,,
E-955-1,https://d18vdu4p71yql0.cloudfront.net/libraries/noun-project/zipper_362_16749.svg,#N/A,zipper,Clothing,,,,
E-956-1,https://d18vdu4p71yql0.cloudfront.net/libraries/noun-project/shoelace_905_g.svg,#N/A,lace,Clothing,,,,
E-957-1,https://d18vdu4p71yql0.cloudfront.net/libraries/mulberry/buckle.svg,#N/A,buckle,Clothing,,,,
E-958-1,https://d18vdu4p71yql0.cloudfront.net/libraries/noun-project/Laundry_131_28865.svg,#N/A,laundry  ,Clothing,,,,
E-959-1,https://drive.google.com/file/d/1K0Gp9vv2Ju6EbYshtWgXNKd9BTS5hKdQ/view?usp=sharing,#N/A,jewelry,Clothing,,,,
E-960-1,https://d18vdu4p71yql0.cloudfront.net/libraries/mulberry/bracelet%201.svg,#N/A,bracelet,Clothing,,,,
E-962-1,https://d18vdu4p71yql0.cloudfront.net/libraries/mulberry/necklace.svg,#N/A,necklace,Clothing,,,,
E-963-1,https://d18vdu4p71yql0.cloudfront.net/libraries/mulberry/earrings.svg,#N/A,earring,Clothing,,,,
A-259-1,https://drive.google.com/file/d/1XOBm8-L2j-T-baaIpwL2Oz092i9l3LRr/view?usp=sharing,#N/A,red,Colors,,,,
A-260-1,https://drive.google.com/file/d/15LaFK8_U0TJyT8oki2j_0N4lmvJsNkpo/view?usp=sharing,#N/A,orange,Colors,,,,
A-261-1,https://drive.google.com/file/d/1RUN0ibmGYAxOcDiDyfL6UAuajwYFnFbv/view?usp=sharing,#N/A,yellow,Colors,,,,
A-262-1,https://drive.google.com/file/d/1crZTT3xjX07c4moGrbWTkm9ry3l6l4hQ/view?usp=sharing,#N/A,green,Colors,,,,
A-263-1,https://drive.google.com/file/d/1T0Bec4BoIeTT8i3j87AxmMRdEGmhXz95/view?usp=sharing,#N/A,blue,Colors,,,,
A-264-1,https://drive.google.com/file/d/1VKrWcGhzjnxUdIkHXZoqvREvSDX9lQjm/view?usp=sharing,#N/A,purple,Colors,,,,
A-267-1,https://drive.google.com/file/d/14I-pcwZhyF3LO5S0rRfiyPdsqSkN104F/view?usp=sharing,#N/A,white,Colors,,,,
A-292-1,https://d18vdu4p71yql0.cloudfront.net/libraries/twemoji/1f3a8.svg,#N/A,color,Colors,,,,
A-284-1,https://d18vdu4p71yql0.cloudfront.net/libraries/noun-project/monkey_919_122923.svg,#N/A,animal,,,,,
A-285-1,https://d18vdu4p71yql0.cloudfront.net/libraries/noun-project/Fast%20Food-3d4321b49b.svg,#N/A,food,,,,,
A-287-1,https://d18vdu4p71yql0.cloudfront.net/libraries/noun-project/Arrow-b2ab7f2336.svg,#N/A,way,,,,,
A-325-1,https://d18vdu4p71yql0.cloudfront.net/libraries/mulberry/fruit.svg,#N/A,fruit,,,,,
A-352-1,https://d18vdu4p71yql0.cloudfront.net/libraries/mulberry/drink.svg,#N/A,drink,,,,,
A-368-1,https://d18vdu4p71yql0.cloudfront.net/libraries/twemoji/1f37f.svg,#N/A,snack,,,,,
A-440-1,https://d18vdu4p71yql0.cloudfront.net/libraries/twemoji/1f3e0.svg,#N/A,home,,,,,
A-446-1,https://d18vdu4p71yql0.cloudfront.net/libraries/twemoji/1f6cb.svg,#N/A,room,,,,,
A-453-1,https://d18vdu4p71yql0.cloudfront.net/libraries/twemoji/1f995.svg,#N/A,dinosaur,,,,,
E-743-1,https://d18vdu4p71yql0.cloudfront.net/libraries/noun-project/City-c2768dbc36.svg,#N/A,city,,,,,
E-744-1,https://drive.google.com/file/d/1ddxSL9EH7wkuHC6EyPUAuNlTiI2mG5T8/view?usp=sharing,#N/A,neighborhood,,,,,
E-745-1,https://d18vdu4p71yql0.cloudfront.net/libraries/noun-project/Town_265_g.svg,#N/A,town,,,,,
A-442-1,https://d18vdu4p71yql0.cloudfront.net/libraries/twemoji/1f3ea.svg,#N/A,store,,,,,
A-443-1,https://d18vdu4p71yql0.cloudfront.net/libraries/tawasol/103-Park.png,#N/A,park,,,,,
A-444-1,https://d18vdu4p71yql0.cloudfront.net/libraries/tawasol/103-Park.png,#N/A,playground,,,,,
A-445-1,https://d18vdu4p71yql0.cloudfront.net/libraries/noun-project/Restaurant-f9849c7afb.svg,#N/A,restaurant,,,,,
E-733-1,https://d18vdu4p71yql0.cloudfront.net/libraries/mulberry/bird%20feeder.svg,#N/A,zoo,,,,,
E-735-1,https://d18vdu4p71yql0.cloudfront.net/libraries/mulberry/aquarium.svg,#N/A,aquarium,,,,,
E-738-1,https://d18vdu4p71yql0.cloudfront.net/libraries/noun-project/Pie_93_222414.svg,#N/A,bakery,,,,,
E-739-1,https://d18vdu4p71yql0.cloudfront.net/libraries/noun-project/Airport-b9c3901aed.svg,#N/A,airport,,,,,
E-742-1,https://d18vdu4p71yql0.cloudfront.net/libraries/noun-project/Street-44dc42c374.svg,#N/A,street,,,,,
A-394-1,https://d18vdu4p71yql0.cloudfront.net/libraries/mulberry/peanut%20butter.svg,#N/A,peanut butter,Condiments,,,,
A-395-1,https://d18vdu4p71yql0.cloudfront.net/libraries/mulberry/strawberry%20jam.svg,#N/A,jelly,Condiments,,,,
A-396-1,https://d18vdu4p71yql0.cloudfront.net/libraries/mulberry/sauce%20tomato.svg,#N/A,ketchup,Condiments,,,,
A-398-1,https://d18vdu4p71yql0.cloudfront.net/libraries/noun-project/condiment_267_180005.svg,#N/A,syrup,Condiments,,,,
D-397-1,https://d18vdu4p71yql0.cloudfront.net/libraries/noun-project/condiment_267_180005.svg,#N/A,sauce,Condiments,,,,
D-400-1,https://d18vdu4p71yql0.cloudfront.net/libraries/twemoji/1f35c.svg,#N/A,soup,Condiments,,,,
E-612-1,https://d18vdu4p71yql0.cloudfront.net/libraries/noun-project/spice-container_824_g.svg,#N/A,spice,Condiments,,,,
E-613-1,https://d18vdu4p71yql0.cloudfront.net/libraries/noun-project/Pepper-6c946020bd.svg,#N/A,pepper,Condiments,,,,
E-614-1,https://d18vdu4p71yql0.cloudfront.net/libraries/noun-project/Sugar-1b43fa710a.svg,#N/A,sugar,Condiments,,,,
E-617-1,https://d18vdu4p71yql0.cloudfront.net/libraries/noun-project/mustard_37_g.svg,#N/A,mustard,Condiments,,,,
E-618-1,https://d18vdu4p71yql0.cloudfront.net/libraries/noun-project/mayonnaise_416_129401.svg,#N/A,mayo,Condiments,,,,
E-619-1,https://d18vdu4p71yql0.cloudfront.net/libraries/noun-project/dressing_665_g.svg,#N/A,dressing,Condiments,,,,
E-620-1,https://d18vdu4p71yql0.cloudfront.net/libraries/mulberry/sauce%20tomato.svg,#N/A,salsa,Condiments,,,,
E-621-1,https://d18vdu4p71yql0.cloudfront.net/libraries/twemoji/1f951.svg,#N/A,guacamole,Condiments,,,,
A-351-1,https://d18vdu4p71yql0.cloudfront.net/libraries/mulberry/yogurt.svg,#N/A,yogurt,Dairy,,,,
A-596-1,https://d18vdu4p71yql0.cloudfront.net/libraries/noun-project/cream-jar_214_564091.svg,#N/A,whipped cream,Dairy,,,,
E-595-1,https://d18vdu4p71yql0.cloudfront.net/libraries/twemoji/1f366.svg,#N/A,cream cheese,Dairy,,,,
A-274-1,https://d18vdu4p71yql0.cloudfront.net/libraries/noun-project/today_325_g.svg,#N/A,today,Time,Calendar,,,
C-275-1,https://d18vdu4p71yql0.cloudfront.net/libraries/noun-project/today_325_g.svg,#N/A,yesterday,Days,Calendar,,,
C-281-1,https://d18vdu4p71yql0.cloudfront.net/libraries/noun-project/Time-880d4b0e2b.svg,#N/A,time,Time,Calendar,,,
D-472-1,https://d18vdu4p71yql0.cloudfront.net/libraries/twemoji/1f389.svg,#N/A,holiday,Day,Calendar,,,
D-473-1,https://d18vdu4p71yql0.cloudfront.net/libraries/twemoji/1f4c5.svg,#N/A,schedule,,Calendar,,,
E-1021-1,https://d18vdu4p71yql0.cloudfront.net/libraries/mulberry/morning.svg,#N/A,morning,Time,Calendar,,,
E-1022-1,https://d18vdu4p71yql0.cloudfront.net/libraries/mulberry/afternoon.svg,#N/A,afternoon,Time,Calendar,,,
E-1023-1,https://d18vdu4p71yql0.cloudfront.net/libraries/coughdrop_symbols/monday.svg,#N/A,Monday,Days,Calendar,,,
E-1024-1,https://d18vdu4p71yql0.cloudfront.net/libraries/coughdrop_symbols/tuesday.svg,#N/A,Tuesday,Days,Calendar,,,
E-1025-1,https://d18vdu4p71yql0.cloudfront.net/libraries/coughdrop_symbols/wednesday.svg,#N/A,Wednesday,Days,Calendar,,,
E-1026-1,https://d18vdu4p71yql0.cloudfront.net/libraries/coughdrop_symbols/thursday.svg,#N/A,Thursday,Days,Calendar,,,
E-1027-1,https://d18vdu4p71yql0.cloudfront.net/libraries/coughdrop_symbols/friday.svg,#N/A,Friday,Days,Calendar,,,
E-1028-1,https://d18vdu4p71yql0.cloudfront.net/libraries/coughdrop_symbols/saturday.svg,#N/A,Saturday,Days,Calendar,,,
E-1029-1,https://d18vdu4p71yql0.cloudfront.net/libraries/coughdrop_symbols/sunday.svg,#N/A,Sunday,Days,Calendar,,,
E-1031-1,https://d18vdu4p71yql0.cloudfront.net/libraries/mulberry/weekend.svg,#N/A,weekend,Days,Calendar,,,
E-1032-1,https://d18vdu4p71yql0.cloudfront.net/libraries/mulberry/week%201.svg,#N/A,week,Days,Calendar,,,
E-1033-1,https://d18vdu4p71yql0.cloudfront.net/libraries/mulberry/week%201.svg,#N/A,weekday,Days,Calendar,,,
E-1034-1,https://d18vdu4p71yql0.cloudfront.net/libraries/twemoji/23f0.svg,#N/A,o'clock,Days,Calendar,,,
E-1035-1,https://d18vdu4p71yql0.cloudfront.net/libraries/noun-project/event_668_g.svg,#N/A,event,Days,Calendar,,,
E-1036-1,https://d18vdu4p71yql0.cloudfront.net/libraries/twemoji/1f334.svg,#N/A,vacation,Days,Calendar,,,
A-358-1,https://d18vdu4p71yql0.cloudfront.net/libraries/mulberry/cake.svg,#N/A,dessert,Dessert,,,,
A-359-1,https://d18vdu4p71yql0.cloudfront.net/libraries/mulberry/cake.svg,#N/A,cake,Dessert,,,,
A-362-1,https://d18vdu4p71yql0.cloudfront.net/libraries/twemoji/1f366.svg,#N/A,ice cream,Dessert,,,,
D-360-1,https://d18vdu4p71yql0.cloudfront.net/libraries/mulberry/yummy.svg,#N/A,flavor,Dessert,,,,
D-363-1,https://d18vdu4p71yql0.cloudfront.net/libraries/twemoji/1f36e.svg,#N/A,pudding,Dessert,,,,
D-366-1,https://d18vdu4p71yql0.cloudfront.net/libraries/mulberry/cake.svg,#N/A,brownie,Dessert,,,,
D-367-1,https://d18vdu4p71yql0.cloudfront.net/libraries/noun-project/Popsicle_933_g.svg,#N/A,popsicle,Dessert,,,,
A-821-1,https://drive.google.com/file/d/1PV57Kfk7q9sKQ8HdLl_osvoqESgj9eJ_/view?usp=sharing,#N/A,T-Rex,Dinosaurs,,,,
A-822-1,https://drive.google.com/file/d/1_H4WpRV4-5dBZBlCNA71B0uL8IRu3z_i/view?usp=sharing,#N/A,Triceratops,Dinosaurs,,,,
A-823-1,https://drive.google.com/file/d/1vyCR_Hv_oae2M9lgJy5O50wdJRFSFu43/view?usp=sharing,#N/A,Stegosaurus,Dinosaurs,,,,
A-824-1,https://drive.google.com/file/d/1W2SX3Hk0AkJ9SfRryXrVC0jox-BuZ3eO/view?usp=sharing,#N/A,Brachiosaurus,Dinosaurs,,,,
E-825-1,https://drive.google.com/file/d/1dXwmYvgVR4aABy7ye7pSEGstsr3vrpNg/view?usp=sharing,#N/A,Pteranodon,Dinosaurs,,,,
E-826-1,https://drive.google.com/file/d/1RiQHajkCNYK-zT6vHhO5iyLCl4_PWS2k/view?usp=sharing,#N/A,Ankylosaurus,Dinosaurs,,,,
E-827-1,https://drive.google.com/file/d/1lD7p4kDqdbVr28SvrNTN47-F8mq24hxg/view?usp=sharing,#N/A,Velociraptor,Dinosaurs,,,,
A-353-1,https://d18vdu4p71yql0.cloudfront.net/libraries/twemoji/1f95b.svg,#N/A,milk,Drink,,,,
A-354-1,https://d18vdu4p71yql0.cloudfront.net/libraries/mulberry/water.svg,#N/A,water ,Drink,,,,
A-355-1,https://d18vdu4p71yql0.cloudfront.net/libraries/mulberry/drink.svg,#N/A,juice,Drink,,,,
A-357-1,https://d18vdu4p71yql0.cloudfront.net/libraries/mulberry/milkshake%20strawberry.svg,#N/A,smoothie,Drink,,,,
D-356-1,https://d18vdu4p71yql0.cloudfront.net/libraries/noun-project/Soda-Bottle_622_g.svg,#N/A,soda,Drink,,,,
A-18-1,https://d18vdu4p71yql0.cloudfront.net/libraries/tawasol/help.jpg,#N/A,help,,,,,
A-29-1,https://drive.google.com/file/d/1uAjCoRy67BZBh0WduQmx19XN-6U82-j6/view?usp=sharing,#N/A,get,,,,,
A-38-1,https://drive.google.com/file/d/1uGmrW_QYf3zpSOG0gXDJwBS__pWugFa2/view?usp=sharing,#N/A,hurt,,,,,
A-41-1,https://d18vdu4p71yql0.cloudfront.net/libraries/noun-project/fall_12_g.svg,#N/A,fall,,,,,
A-55-1,https://drive.google.com/file/d/1Ondy6EbFHhFKsUVkqjFAL6WKxPf5ET5n/view?usp=sharing,#N/A,feel,,,,,
B-59-1,https://drive.google.com/file/d/10zt_1-uey-PfU6YjTCfeJxDHVnoKMhh1/view?usp=sharing,#N/A,have,,,,,
B-67-1,https://drive.google.com/file/d/1SJUBVTvJoaoBqUZkMeIT7Kuf1mFV-Cn_/view?usp=sharing,#N/A,find,,,,,
B-68-1,https://drive.google.com/file/d/1XoCn8hNFB6BDxQeG9SZese6NvJKl5MAf/view?usp=sharing,#N/A,fill,,,,,
B-69-1,https://drive.google.com/file/d/19YimD3NdcJ15XjNlpwHhnTdOIz7yOg1e/view?usp=sharing,#N/A,give,,,,,
C-132-1,https://d18vdu4p71yql0.cloudfront.net/libraries/twemoji/1f528.svg,#N/A,fix,,,,,
C-133-1,https://d18vdu4p71yql0.cloudfront.net/libraries/noun-project/carrying-books_882_642109.svg,#N/A,hold,,,,,
C-134-1,https://d18vdu4p71yql0.cloudfront.net/libraries/noun-project/impact_231_g.svg,#N/A,hit,,,,,
C-170-1,https://drive.google.com/file/d/1fdhatBWDMEztH6IiKp0DNMY7UDXBvNeT/view?usp=sharing,#N/A,fight,,,,,
D-305-1,"https://d18vdu4p71yql0.cloudfront.net/libraries/mulberry/flip%20,%20to.svg",#N/A,flip,,,,,
D-306-1,https://d18vdu4p71yql0.cloudfront.net/libraries/noun-project/hide_382_g.svg,#N/A,hide,,,,,
D-311-1,https://d18vdu4p71yql0.cloudfront.net/libraries/noun-project/Hate-724f26f04e.svg,#N/A,hate,,,,,
E-515-1,https://d18vdu4p71yql0.cloudfront.net/libraries/noun-project/Hang%20Gliding-9abfbe4d8f.svg,#N/A,hang,,,,,
E-531-1,https://d18vdu4p71yql0.cloudfront.net/libraries/tawasol/Feed%20(F).png,#N/A,feed,,,,,
E-532-1,"https://d18vdu4p71yql0.cloudfront.net/libraries/mulberry/celebrate%202%20,%20to.svg",#N/A,hop,,,,,
E-533-1,https://d18vdu4p71yql0.cloudfront.net/libraries/noun-project/Plant_51_g.svg,#N/A,grow,,,,,
A-431-1,https://d18vdu4p71yql0.cloudfront.net/libraries/noun-project/Mother-and-Daughter_85_711540.svg,#N/A,mother,Family,,,,
A-432-1,https://d18vdu4p71yql0.cloudfront.net/libraries/noun-project/father-and-daughter_795_711533.svg,#N/A,father,Family,,,,
A-435-1,https://d18vdu4p71yql0.cloudfront.net/libraries/twemoji/1f467-1f3fb.svg,#N/A,sister,Family,,,,
A-436-1,https://d18vdu4p71yql0.cloudfront.net/libraries/twemoji/1f466.svg,#N/A,brother,Family,,,,
D-433-1,https://d18vdu4p71yql0.cloudfront.net/libraries/twemoji/1f475.svg,#N/A,grandmother,Family,,,,
D-434-1,https://d18vdu4p71yql0.cloudfront.net/libraries/twemoji/1f474-1f3fb.svg,#N/A,grandfather,Family,,,,
D-439-1,https://d18vdu4p71yql0.cloudfront.net/libraries/twemoji/1f46a.svg,#N/A,family ,Family,,,,
E-680-1,https://d18vdu4p71yql0.cloudfront.net/libraries/noun-project/uncle_525_g.svg,#N/A,uncle,Family,,,,
E-681-1,https://d18vdu4p71yql0.cloudfront.net/libraries/mulberry/aunt%20maternal.svg,#N/A,aunt,Family,,,,
E-682-1,https://d18vdu4p71yql0.cloudfront.net/libraries/tawasol/Best%20friends%20(M).png,#N/A,cousin,Family,,,,
E-683-1,https://drive.google.com/file/d/1oD_dSIBeZhsxqRkm6B7uQe8z_WGhdVN_/view?usp=sharing,#N/A,nanny,Family,,,,
A-49-1,https://drive.google.com/file/d/1gGWwt7v00CY2VLwzJ-Ep51xhGEGP-Ra_/view?usp=sharing,#N/A,afraid,Feelings,,,,
A-50-1,https://drive.google.com/file/d/1Gklm-fRybAsDwdAo3peKSdX61b_G73mz/view?usp=sharing,#N/A,mad,Feelings,,,,
C-246-1,https://d18vdu4p71yql0.cloudfront.net/libraries/mulberry/thirsty.svg,#N/A,thirsty,Feelings,,,,
C-293-1,https://d18vdu4p71yql0.cloudfront.net/libraries/noun-project/sensing_891_g.svg,#N/A,feeling,Feelings,,,,
D-319-1,https://d18vdu4p71yql0.cloudfront.net/libraries/noun-project/Frustrated_182_g.svg,#N/A,frustrated,Feelings,,,,
D-320-1,https://d18vdu4p71yql0.cloudfront.net/libraries/mulberry/time%20out.svg,#N/A,lonely,Feelings,,,,
E-558-1,https://d18vdu4p71yql0.cloudfront.net/libraries/noun-project/Chair_232_g.svg,#N/A,comfortable,Feelings,,,,
E-562-1,https://d18vdu4p71yql0.cloudfront.net/libraries/twemoji/1f9b8-1f3ff.svg,#N/A,brave,Feelings,,,,
A-437-1,https://d18vdu4p71yql0.cloudfront.net/libraries/noun-project/Friends-01b697c5bf.svg,#N/A,friend,,,,,
A-326-1,https://d18vdu4p71yql0.cloudfront.net/libraries/twemoji/1f34e.svg,#N/A,apple,Fruit,,,,
A-327-1,https://d18vdu4p71yql0.cloudfront.net/libraries/twemoji/1f34a.svg,#N/A,orange,Fruit,,,,
A-330-1,https://d18vdu4p71yql0.cloudfront.net/libraries/twemoji/1f347.svg,#N/A,grape,Fruit,,,,
D-332-1,https://d18vdu4p71yql0.cloudfront.net/libraries/noun-project/blueberry_687_568417.svg,#N/A,blueberry,Fruit,,,,
E-577-1,https://d18vdu4p71yql0.cloudfront.net/libraries/mulberry/blackberry.svg,#N/A,blackberry,Fruit,,,,
E-580-1,https://d18vdu4p71yql0.cloudfront.net/libraries/mulberry/plum.svg,#N/A,plum,Fruit,,,,
E-582-1,https://d18vdu4p71yql0.cloudfront.net/libraries/noun-project/lime_826_g.svg,#N/A,lime,Fruit,,,,
E-583-1,https://d18vdu4p71yql0.cloudfront.net/libraries/noun-project/Grapefruit_18_g.svg,#N/A,grapefruit,Fruit,,,,
A-1-1,https://drive.google.com/file/d/18sYRN1dGbE9mp3qPlQ04caIPPVGzP_wH/view?usp=sharing,#N/A,I,,,,,
A-2-1,https://drive.google.com/file/d/1RIuZUX7JE_CeBp7A6DCldL0ozDgL9DAJ/view?usp=sharing,#N/A,you,,,,,
A-20-1,https://d18vdu4p71yql0.cloudfront.net/libraries/noun-project/Compare_805_152826.svg,#N/A,different,,,,,
A-21-1,https://drive.google.com/file/d/1eeEavIx6H-9UvEwQaIhLMvxQBviQn7uk/view?usp=sharing,#N/A,that,,,,,
A-22-1,https://d18vdu4p71yql0.cloudfront.net/libraries/mulberry/away.svg,#N/A,away,,,,,
A-288-1,https://d18vdu4p71yql0.cloudfront.net/libraries/mulberry/body%20outline.svg,#N/A,body,,,,,
A-3-1,https://drive.google.com/file/d/1XOfoYd1SyiKPocn-srknBF8I3Yb6lieA/view?usp=sharing,#N/A,it,,,,,
A-42-1,https://d18vdu4p71yql0.cloudfront.net/libraries/mulberry/large.svg,#N/A,big,,,,,
A-43-1,https://d18vdu4p71yql0.cloudfront.net/libraries/mulberry/little.svg,#N/A,little,,,,,
A-44-1,https://drive.google.com/file/d/1kVYaWutCSMaihrXqxCbaaDEgNddth6Sr/view?usp=sharing,#N/A,good,,,,,
A-45-1,https://drive.google.com/file/d/1ueIyR7kJ2iGb1NzxSmLoJG9thTlUZ57y/view?usp=sharing,#N/A,bad,,,,,
A-46-1,https://d18vdu4p71yql0.cloudfront.net/libraries/mulberry/same.svg,#N/A,same,,,,,
A-490-1,https://d18vdu4p71yql0.cloudfront.net/libraries/mulberry/art.svg,#N/A,art,,,,,
A-492-1,"https://d18vdu4p71yql0.cloudfront.net/libraries/mulberry/exercise%20,%20to.svg",#N/A,exercise,,,,,
A-498-1,https://d18vdu4p71yql0.cloudfront.net/libraries/mulberry/trampoline.svg,#N/A,trampoline,exercise,,,,
A-53-1,https://drive.google.com/file/d/1zUXkyWb2oJUp4Y_IceVyrPi_nb_STWMM/view?usp=sharing,#N/A,he,,,,,
A-54-1,https://drive.google.com/file/d/1TziZWcLQIBH0C0JpWdbm0ZOMi_-PqfEC/view?usp=sharing,#N/A,she,,,,,
A-9-1,https://d18vdu4p71yql0.cloudfront.net/libraries/mulberry/more.svg,#N/A,more,,,,,
B-100-1,to,#N/A,to,,,,,
B-85-1,https://drive.google.com/file/d/1oJEr5lH7ObtRaaA0a7T5eE4v6vRZpTv9/view?usp=sharing,#N/A,hot,,,,,
B-86-1,https://d18vdu4p71yql0.cloudfront.net/libraries/noun-project/Favorite_887_g.svg,#N/A,favorite,,,,,
B-88-1,https://drive.google.com/file/d/11h-u-kKtsI_FVlWaSRcoxAR2w1w6AN_n/view?usp=sharing,#N/A,almost,,,,,
C-106-1,https://drive.google.com/file/d/1dEy7Zt4RVe2ljEPyPGaJo9WvgRQ60yHR/view?usp=sharing,#N/A,we,,,,,
C-108-1,https://drive.google.com/file/d/1TAvB1ucHmivcq1zoxzYqZXfzdcvGMQwU/view?usp=sharing,#N/A,this,,,,,
C-186-1,https://drive.google.com/file/d/1uHPbyu0dNNmfF-K9qZjjEmhvccSgTPZ0/view?usp=sharing,#N/A,of,,,,,
C-187-1,https://drive.google.com/file/d/1CBYiC2uRYM1FXFkwCrzrDODOaAR9tPM4/view?usp=sharing,#N/A,with,,,,,
C-188-1,https://drive.google.com/file/d/1chWaHOVkgYaNTmIr6xu2vHQQ57trKPwg/view?usp=sharing,#N/A,by,,,,,
C-190-1,https://d18vdu4p71yql0.cloudfront.net/libraries/mulberry/over.svg,#N/A,over,,,,,
C-191-1,https://d18vdu4p71yql0.cloudfront.net/libraries/mulberry/under%201.svg,#N/A,under,,,,,
C-192-1,https://d18vdu4p71yql0.cloudfront.net/libraries/mulberry/through.svg,#N/A,through,,,,,
C-193-1,https://d18vdu4p71yql0.cloudfront.net/libraries/noun-project/between_735_g.svg,#N/A,between,,,,,
C-194-1,https://drive.google.com/file/d/1OfFCuc46QHLDBMq1DMj6lCOyU2dhVPBG/view?usp=sharing,#N/A,back,,,,,
C-195-1,https://drive.google.com/file/d/1UuCgMUJAqZnt2bnaJZpTAXSitYBG_tGx/view?usp=sharing,#N/A,front,,,,,
C-196-1,https://drive.google.com/file/d/1X1y2Rvj0fGeUaTU0KhNacVqUuTz7458a/view?usp=sharing,#N/A,middle,,,,,
C-199-1,https://drive.google.com/file/d/1Grl0amhd2GinLKc4utojNyF3KaKivDMx/view?usp=sharing,#N/A,from,,,,,
C-200-1,https://drive.google.com/file/d/1u47OWUP1MJi0dXkXJTiRUrQAi0gEb3lG/view?usp=sharing,#N/A,at,,,,,
C-204-1,https://d18vdu4p71yql0.cloudfront.net/libraries/noun-project/about_540_492275.svg,#N/A,about,,,,,
C-205-1,https://drive.google.com/file/d/1qKErq7YOGzYH5zjcSnykvCgjopl-uQSJ/view?usp=sharing,#N/A,one,,,,,
C-206-1,https://drive.google.com/file/d/1z4TzkA2lZqVlaInyxG__Pqj8aFH4Ov0t/view?usp=sharing,#N/A,both,,,,,
C-207-1,https://d18vdu4p71yql0.cloudfront.net/libraries/mulberry/enough.svg,#N/A,enough,,,,,
C-214-1,https://drive.google.com/file/d/17ba08gEvwPE_7aHHscKzwBSThRBIffMG/view?usp=sharing,#N/A,too,,,,,
C-215-1,https://drive.google.com/file/d/13dAXemobGdi8TnMpdHF-BVhxHds-4gnJ/view?usp=sharing,#N/A,so ,,,,,
C-217-1,https://d18vdu4p71yql0.cloudfront.net/libraries/twemoji/2716.svg,#N/A,never,,,,,
C-218-1,https://d18vdu4p71yql0.cloudfront.net/libraries/noun-project/quarter-hour_537_g.svg,#N/A,sometime,,,,,
C-219-1,https://d18vdu4p71yql0.cloudfront.net/libraries/twemoji/1f44d-1f3fd.svg,#N/A,nice,,,,,
C-224-1,https://d18vdu4p71yql0.cloudfront.net/libraries/noun-project/Witch_967_g.svg,#N/A,ugly,,,,,
C-227-1,https://d18vdu4p71yql0.cloudfront.net/libraries/mulberry/dirty.svg,#N/A,dirty,,,,,
C-228-1,https://d18vdu4p71yql0.cloudfront.net/libraries/mulberry/clean%20hands.svg,#N/A,clean,,,,,
C-229-1,https://d18vdu4p71yql0.cloudfront.net/libraries/twemoji/1f55b.svg,#N/A,always,,,,,
C-230-1,https://d18vdu4p71yql0.cloudfront.net/libraries/arasaac/around.png,#N/A,around,,,,,
C-231-1,https://drive.google.com/file/d/1J74ZabFNkanM_BH9QBoaar6A5Qj6y8MM/view?usp=sharing,#N/A,close,,,,,
C-232-1,https://d18vdu4p71yql0.cloudfront.net/libraries/noun-project/far_467_g.svg,#N/A,far,,,,,
C-233-1,https://d18vdu4p71yql0.cloudfront.net/libraries/mulberry/dry.svg,#N/A,dry,,,,,
C-234-1,https://d18vdu4p71yql0.cloudfront.net/libraries/mulberry/wet.svg,#N/A,wet,,,,,
C-236-1,https://d18vdu4p71yql0.cloudfront.net/libraries/noun-project/Young-couple_1_597679.svg,#N/A,young,,,,,
C-237-1,https://d18vdu4p71yql0.cloudfront.net/libraries/tawasol/many.jpg,#N/A,lot,,,,,
C-239-1,https://d18vdu4p71yql0.cloudfront.net/libraries/mulberry/short.svg,#N/A,short,,,,,
C-241-1,https://d18vdu4p71yql0.cloudfront.net/libraries/mulberry/hard.svg,#N/A,hard,,,,,
C-242-1,https://drive.google.com/file/d/19GfhynczwLsy9XM7SWJ5YOPktjL3tJG0/view?usp=sharing,#N/A,easy,,,,,
C-243-1,https://d18vdu4p71yql0.cloudfront.net/libraries/mulberry/tall.svg,#N/A,tall,,,,,
C-245-1,https://d18vdu4p71yql0.cloudfront.net/libraries/noun-project/low-battery_621_g.svg,#N/A,low,,,,,
C-252-1,https://d18vdu4p71yql0.cloudfront.net/libraries/noun-project/Young-couple_1_597679.svg,#N/A,together,,,,,
C-254-1,https://d18vdu4p71yql0.cloudfront.net/libraries/noun-project/wrong_208_g.svg,#N/A,wrong,,,,,
C-255-1,https://d18vdu4p71yql0.cloudfront.net/libraries/mulberry/awake.svg,#N/A,awake,,,,,
C-257-1,https://d18vdu4p71yql0.cloudfront.net/libraries/noun-project/smell_720_g.svg,#N/A,stinky,,,,,
C-258-1,https://d18vdu4p71yql0.cloudfront.net/libraries/twemoji/2705.svg,#N/A,real,,,,,
C-268-1,https://d18vdu4p71yql0.cloudfront.net/libraries/noun-project/pink.svg,#N/A,pink,,,,,
C-269-1,https://d18vdu4p71yql0.cloudfront.net/libraries/noun-project/gray.svg,#N/A,grey,,,,,
C-270-1,https://drive.google.com/file/d/19ZEts-3Z3X9LrYt6dm-5lzV4sHyYTjGA/view?usp=sharing,#N/A,dark,,,,,
C-273-1,https://d18vdu4p71yql0.cloudfront.net/libraries/noun-project/Caution-34cf3c31a1.svg,#N/A,careful,,,,,
C-282-1,https://d18vdu4p71yql0.cloudfront.net/libraries/mulberry/square.svg,#N/A,thing,,,,,
C-289-1,https://d18vdu4p71yql0.cloudfront.net/libraries/twemoji/1f4a1.svg,#N/A,idea,,,,,
C-290-1,https://d18vdu4p71yql0.cloudfront.net/libraries/tawasol/problem.jpg,#N/A,problem,,,,,
D-314-1,https://d18vdu4p71yql0.cloudfront.net/libraries/mulberry/delicious%20food.svg,#N/A,yummy,,,,,
D-315-1,https://d18vdu4p71yql0.cloudfront.net/libraries/mulberry/yucky.svg,#N/A,yucky,,,,,
D-316-1,https://d18vdu4p71yql0.cloudfront.net/libraries/noun-project/scribble_327_g.svg,#N/A,messy,,,,,
D-317-1,https://d18vdu4p71yql0.cloudfront.net/libraries/noun-project/handsome-avatar_807_g.svg,#N/A,handsome,,,,,
D-321-1,https://d18vdu4p71yql0.cloudfront.net/libraries/noun-project/less-than_977_g.svg,#N/A,less,,,,,
D-424-1,https://drive.google.com/file/d/14jcQmadqzcoibj--LZ_7X43iaozlXPgs/view?usp=sharing,#N/A,baby,,,,,
D-429-1,https://d18vdu4p71yql0.cloudfront.net/libraries/twemoji/1f469-1f3fd-200d-2695-fe0f.svg,#N/A,doctor,,,,,
D-430-1,https://d18vdu4p71yql0.cloudfront.net/libraries/noun-project/Friends-01b697c5bf.svg,#N/A,neighbor,,,,,
D-479-1,https://d18vdu4p71yql0.cloudfront.net/libraries/mulberry/head.svg,#N/A,head,,,,,
D-481-1,https://d18vdu4p71yql0.cloudfront.net/libraries/mulberry/arm.svg,#N/A,arm,,,,,
D-482-1,https://d18vdu4p71yql0.cloudfront.net/libraries/mulberry/finger.svg,#N/A,finger,,,,,
D-485-1,https://d18vdu4p71yql0.cloudfront.net/libraries/mulberry/toe%20nail.svg,#N/A,toe,,,,,
D-486-1,https://d18vdu4p71yql0.cloudfront.net/libraries/mulberry/stomach%201.svg,#N/A,stomach,,,,,
D-487-1,https://drive.google.com/file/d/1gY1K2_eAqAZF-Cow5NuPXnEot8N66_zH/view?usp=sharing,#N/A,back,,,,,
D-488-1,https://d18vdu4p71yql0.cloudfront.net/libraries/tawasol/Hair%20(F).png,#N/A,hair,,,,,
D-494-1,https://d18vdu4p71yql0.cloudfront.net/libraries/mulberry/sand%20pit.svg,#N/A,sandbox,,,,,
D-495-1,https://d18vdu4p71yql0.cloudfront.net/libraries/mulberry/water%20table.svg,#N/A,water table,,,,,
D-496-1,https://d18vdu4p71yql0.cloudfront.net/libraries/mulberry/ball%20pool.svg,#N/A,ball pit,,,,,
D-497-1,https://d18vdu4p71yql0.cloudfront.net/libraries/mulberry/ball.svg,#N/A,therapy ball,,,,,
D-499-1,https://d18vdu4p71yql0.cloudfront.net/libraries/noun-project/Fort-7cb7ca9b3a.svg,#N/A,fort,,,,,
D-500-1,https://d18vdu4p71yql0.cloudfront.net/libraries/twemoji/1f4da.svg,#N/A,book,,,,,
D-501-1,https://d18vdu4p71yql0.cloudfront.net/libraries/twemoji/1f3b6.svg,#N/A,music,,,,,
E-1038-1,https://d18vdu4p71yql0.cloudfront.net/libraries/mulberry/skin.svg,#N/A,skin,,,,,
E-1039-1,https://d18vdu4p71yql0.cloudfront.net/libraries/mulberry/chest%20male.svg,#N/A,chest,,,,,
E-1040-1,https://d18vdu4p71yql0.cloudfront.net/libraries/mulberry/chest%20male.svg,#N/A,belly button,,,,,
E-1041-1,https://d18vdu4p71yql0.cloudfront.net/libraries/mulberry/neck.svg,#N/A,neck ,,,,,
E-1045-1,https://d18vdu4p71yql0.cloudfront.net/libraries/noun-project/fart_701_g.svg,#N/A,fart,,,,,
E-1047-1,https://drive.google.com/file/d/1AH10E2tKVnSn0gXeoHH2KLKsvezuuDyj/view?usp=sharing,#N/A,spit,,,,,
E-1048-1,https://d18vdu4p71yql0.cloudfront.net/libraries/noun-project/green.svg,#N/A,booger,,,,,
E-1051-1,https://d18vdu4p71yql0.cloudfront.net/libraries/noun-project/Poop_510_g.svg,#N/A,poop,,,,,
E-1052-1,https://d18vdu4p71yql0.cloudfront.net/libraries/noun-project/Peeing_596_g.svg,#N/A,pee,,,,,
E-1062-1,https://d18vdu4p71yql0.cloudfront.net/libraries/noun-project/Surprise_834_g.svg,#N/A,burp,,,,,
E-544-1,https://d18vdu4p71yql0.cloudfront.net/libraries/noun-project/cute-creature_146_713718.svg,#N/A,cute,,,,,
E-547-1,https://d18vdu4p71yql0.cloudfront.net/libraries/mulberry/spicy.svg,#N/A,spicy,,,,,
E-548-1,https://d18vdu4p71yql0.cloudfront.net/libraries/mulberry/salty.svg,#N/A,salty,,,,,
E-549-1,https://d18vdu4p71yql0.cloudfront.net/libraries/mulberry/crunchy.svg,#N/A,crunchy,,,,,
E-550-1,https://d18vdu4p71yql0.cloudfront.net/libraries/mulberry/crunchy.svg,#N/A,crispy,,,,,
E-552-1,https://d18vdu4p71yql0.cloudfront.net/libraries/twemoji/1f91e.svg,#N/A,lucky,,,,,
E-553-1,https://d18vdu4p71yql0.cloudfront.net/libraries/noun-project/Money-53f8f53817.svg,#N/A,poor,,,,,
E-554-1,https://d18vdu4p71yql0.cloudfront.net/libraries/noun-project/Rough-Water_589_30945.svg,#N/A,rough,,,,,
E-556-1,https://d18vdu4p71yql0.cloudfront.net/libraries/noun-project/dead_938_22717.svg,#N/A,dead,,,,,
E-557-1,https://d18vdu4p71yql0.cloudfront.net/libraries/twemoji/1f33b.svg,#N/A,alive,,,,,
E-560-1,https://d18vdu4p71yql0.cloudfront.net/libraries/noun-project/Stop_689_g.svg,#N/A,still,,,,,
E-563-1,https://d18vdu4p71yql0.cloudfront.net/libraries/mulberry/great.svg,#N/A,awesome,,,,,
E-565-1,https://d18vdu4p71yql0.cloudfront.net/libraries/icon_archive/trash_empty.png,#N/A,empty,,,,,
E-566-1,https://d18vdu4p71yql0.cloudfront.net/libraries/mulberry/sticky.svg,#N/A,sticky,,,,,
E-567-1,https://d18vdu4p71yql0.cloudfront.net/libraries/tawasol/point.jpg,#N/A,only,,,,,
E-568-1,https://d18vdu4p71yql0.cloudfront.net/libraries/tawasol/point.jpg,#N/A,just,,,,,
E-569-1,https://d18vdu4p71yql0.cloudfront.net/libraries/twemoji/1f574-1f3ff.svg,#N/A,smart,,,,,
E-686-1,https://d18vdu4p71yql0.cloudfront.net/libraries/noun-project/fireman_128_g.svg,#N/A,fireman,,,,,
E-687-1,https://d18vdu4p71yql0.cloudfront.net/libraries/noun-project/Worker-5202cd7884.svg,#N/A,worker,,,,,
E-688-1,https://drive.google.com/file/d/18yKj34b6OoQXJAd6Bi20EmTVUQxp2gl7/view?usp=sharing,#N/A,mailman,,,,,
E-689-1,https://d18vdu4p71yql0.cloudfront.net/libraries/noun-project/Nurse_405_g.svg,#N/A,nurse,,,,,
E-690-1,https://d18vdu4p71yql0.cloudfront.net/libraries/noun-project/Dentist_628_709739.svg,#N/A,dentist,,,,,
E-691-1,https://d18vdu4p71yql0.cloudfront.net/libraries/noun-project/Physical-Therapy_321_g.svg,#N/A,therapist,,,,,
E-692-1,https://d18vdu4p71yql0.cloudfront.net/libraries/noun-project/Driver-484c5ba58e.svg,#N/A,driver,,,,,
E-694-1,https://drive.google.com/file/d/1yuHkBvPb-SeOr6ARLpxj2snEPxm200P8/view?usp=sharing,#N/A,astronaut,,,,,
E-695-1,https://d18vdu4p71yql0.cloudfront.net/libraries/noun-project/Delivery%20Man-b456817330.svg,#N/A,garbage man,,,,,
E-696-1,https://d18vdu4p71yql0.cloudfront.net/libraries/mulberry/who.svg,#N/A,stranger,,,,,
E-828-1,https://drive.google.com/file/d/1__EZMGAjZDO-gliXCgWatFRCOoKfmoWZ/view?usp=sharing,#N/A,glasses,,,,,
E-853-1,https://drive.google.com/file/d/1lCHIRxu-_t9HID0c538Oz1HVt9qwzOBB/view?usp=sharing,#N/A,mess,,,,,
E-859-1,https://d18vdu4p71yql0.cloudfront.net/libraries/noun-project/Charger-cable_362_356458.svg,#N/A,charger,,,,,
E-860-1,https://drive.google.com/file/d/12FEeU1Uz-dWXGbReSHajgc4piZy6LOB6/view?usp=sharing,#N/A,cord,,,,,
E-903-1,https://d18vdu4p71yql0.cloudfront.net/libraries/noun-project/Box_973_443523.svg,#N/A,box,,,,,
E-912-1,https://d18vdu4p71yql0.cloudfront.net/libraries/mulberry/jar.svg,#N/A,jar,,,,,
E-915-1,https://d18vdu4p71yql0.cloudfront.net/libraries/noun-project/Remote-Control_753_597698.svg,#N/A,remote control,,,,,
E-916-1,https://d18vdu4p71yql0.cloudfront.net/libraries/noun-project/Cutting%20Board-45572d1ca5.svg,#N/A,board,,,,,
A-383-1,https://d18vdu4p71yql0.cloudfront.net/libraries/noun-project/Noodles-7a37bde3f0.svg,#N/A,noddle,Grain,,,,
A-388-1,https://d18vdu4p71yql0.cloudfront.net/libraries/noun-project/Cereal_944_g.svg,#N/A,cereal,Grain,,,,
D-384-1,https://d18vdu4p71yql0.cloudfront.net/libraries/noun-project/Noodles-7a37bde3f0.svg,#N/A,pasta,Grain,,,,
D-386-1,https://d18vdu4p71yql0.cloudfront.net/libraries/mulberry/baked%20beans%202.svg,#N/A,bean,Grain,,,,
D-389-1,https://drive.google.com/file/d/1rtMsT3O-qHHwQEcOG14nUzxbyuWH_JJe/view?usp=sharing,#N/A,pancake,Grain,,,,
D-391-1,https://d18vdu4p71yql0.cloudfront.net/libraries/noun-project/Cereal_944_g.svg,#N/A,oatmeal,Grain,,,,
D-392-1,https://d18vdu4p71yql0.cloudfront.net/libraries/noun-project/Muffin-b259d0cc75.svg,#N/A,muffin,Grain,,,,
E-609-1,https://d18vdu4p71yql0.cloudfront.net/libraries/noun-project/quesadilla_320_g.svg,#N/A,tortilla,Grain,,,,
E-611-1,https://d18vdu4p71yql0.cloudfront.net/libraries/mulberry/flour%20plain.svg,#N/A,flour,Grain,,,,
A-747-1,https://d18vdu4p71yql0.cloudfront.net/libraries/tawasol/Bedroom.png,#N/A,bedroom,Home,,,,
A-748-1,https://d18vdu4p71yql0.cloudfront.net/libraries/tawasol/Majlis%20(living%20room%20qatari).jpg,#N/A,living room,Home,,,,
A-751-1,https://drive.google.com/file/d/1m4aGVRZrD2yvh5Io0vpWtnXYcpYQDZbC/view?usp=sharing,#N/A,playroom,Home,,,,
E-749-1,https://d18vdu4p71yql0.cloudfront.net/libraries/noun-project/Garage-9b1f4a8687.svg,#N/A,garage,Home,,,,
E-750-1,https://drive.google.com/file/d/1Xxv52Dik9rSB8G4fTy4cRMU8JwVBJp5b/view?usp=sharing,#N/A,porch,Home,,,,
E-752-1,https://drive.google.com/file/d/1MWlSXHcdokdPpA5YV8m8bVjDYrp0Ag42/view?usp=sharing,#N/A,family room,Home,,,,
E-754-1,https://d18vdu4p71yql0.cloudfront.net/libraries/noun-project/Stairs-9cf991f49a.svg,#N/A,stair,Home,,,,
E-755-1,https://d18vdu4p71yql0.cloudfront.net/libraries/noun-project/Upstairs-457be596a3.svg,#N/A,upstairs,,,,,
E-756-1,https://d18vdu4p71yql0.cloudfront.net/libraries/noun-project/Downstairs-d762c34cc7.svg,#N/A,downstairs,,,,,
E-757-1,https://drive.google.com/file/d/1GK5NujmcZHWFXpPauy4BM9xgnmDBb_q0/view?usp=sharing,#N/A,laundry room,Home,,,,
E-758-1,https://drive.google.com/file/d/1qRq5NrStZ1Erxzxjz_yU4bZQTsOT1kD0/view?usp=sharing,#N/A,basement,Home,,,,
E-759-1,https://d18vdu4p71yql0.cloudfront.net/libraries/mulberry/dining%20table.svg,#N/A,dining room,Home,,,,
E-760-1,https://drive.google.com/file/d/1-FXetxmRbZitPKdZqXUfY4VSapeA-qUT/view?usp=sharing,#N/A,yard,Home,,,,
A-967-1,https://d18vdu4p71yql0.cloudfront.net/libraries/mulberry/table.svg,#N/A,table,,,,,
E-1002-1,https://d18vdu4p71yql0.cloudfront.net/libraries/noun-project/bed-pillow_54_g.svg,#N/A,pillow,,,,,
E-1003-1,https://d18vdu4p71yql0.cloudfront.net/libraries/mulberry/blanket.svg,#N/A,blanket,,,,,
E-1004-1,https://d18vdu4p71yql0.cloudfront.net/libraries/sclera/bed%20sheet.png,#N/A,sheet,,,,,
E-1005-1,https://d18vdu4p71yql0.cloudfront.net/libraries/mulberry/vacuum%20cleaner%201.svg,#N/A,vacuum,,,,,
E-1006-1,"https://d18vdu4p71yql0.cloudfront.net/libraries/mulberry/wash%20clothes%20,%20to.svg",#N/A,washer,,,,,
E-1007-1,"https://d18vdu4p71yql0.cloudfront.net/libraries/mulberry/dry%20hair%20,%20to.svg",#N/A,dryer,,,,,
E-1008-1,https://d18vdu4p71yql0.cloudfront.net/libraries/noun-project/Hair-Dryer_694_136273.svg,#N/A,hair dryer,,,,,
E-1011-1,https://d18vdu4p71yql0.cloudfront.net/libraries/mulberry/mop.svg,#N/A,mop,,,,,
E-1012-1,https://d18vdu4p71yql0.cloudfront.net/libraries/mulberry/recycle%20bin.svg,#N/A,recycling bin,,,,,
E-1013-1,https://d18vdu4p71yql0.cloudfront.net/libraries/mulberry/handle%20bars.svg,#N/A,handle,,,,,
E-1014-1,https://d18vdu4p71yql0.cloudfront.net/libraries/mulberry/curtains.svg,#N/A,curtain,,,,,
E-1015-1,https://d18vdu4p71yql0.cloudfront.net/libraries/mulberry/blind%202.svg,#N/A,blind,,,,,
E-1016-1,https://d18vdu4p71yql0.cloudfront.net/libraries/mulberry/fireplace.svg,#N/A,fireplace,,,,,
E-1017-1,https://d18vdu4p71yql0.cloudfront.net/libraries/mulberry/hose.svg,#N/A,hose,,,,,
E-1018-1,https://d18vdu4p71yql0.cloudfront.net/libraries/noun-project/Fence_659_g.svg,#N/A,fence,,,,,
E-1019-1,https://d18vdu4p71yql0.cloudfront.net/libraries/mulberry/beanbag.svg,#N/A,bean bag,,,,,
E-969-1,https://d18vdu4p71yql0.cloudfront.net/libraries/mulberry/dresser.svg,#N/A,dresser,,,,,
E-970-1,https://drive.google.com/file/d/1Gn3E7L6MNeLou0qsL4dpiljl9ICNRXeX/view?usp=sharing,#N/A,closet,,,,,
E-975-1,https://d18vdu4p71yql0.cloudfront.net/libraries/mulberry/ceiling.svg,#N/A,ceiling,,,,,
E-976-1,https://d18vdu4p71yql0.cloudfront.net/libraries/mulberry/ceiling.svg,#N/A,wall,,,,,
E-977-1,https://d18vdu4p71yql0.cloudfront.net/libraries/mulberry/floor.svg,#N/A,floor,,,,,
E-978-1,https://d18vdu4p71yql0.cloudfront.net/libraries/mulberry/desk.svg,#N/A,desk,,,,,
E-979-1,https://d18vdu4p71yql0.cloudfront.net/libraries/mulberry/fridge.svg,#N/A,fridge,,,,,
E-980-1,https://d18vdu4p71yql0.cloudfront.net/libraries/mulberry/fridge.svg,#N/A,freezer,,,,,
E-981-1,https://d18vdu4p71yql0.cloudfront.net/libraries/noun-project/cooking-range_716_g.svg,#N/A,stove,,,,,
E-982-1,https://d18vdu4p71yql0.cloudfront.net/libraries/noun-project/cooking-range_716_g.svg,#N/A,oven,,,,,
E-983-1,https://d18vdu4p71yql0.cloudfront.net/libraries/twemoji/1f6b0.svg,#N/A,faucet,,,,,
E-984-1,https://d18vdu4p71yql0.cloudfront.net/libraries/noun-project/Microwave_355_g.svg,#N/A,microwave,,,,,
E-985-1,https://d18vdu4p71yql0.cloudfront.net/libraries/noun-project/Toaster-9e63d84e2b.svg,#N/A,toaster,,,,,
E-986-1,https://d18vdu4p71yql0.cloudfront.net/libraries/noun-project/Blender-7a22f3cb89.svg,#N/A,blender,,,,,
E-987-1,https://d18vdu4p71yql0.cloudfront.net/libraries/twemoji/1f5c4.svg,#N/A,cabinet,,,,,
E-988-1,https://d18vdu4p71yql0.cloudfront.net/libraries/twemoji/1f5c4.svg,#N/A,drawer,,,,,
E-989-1,https://d18vdu4p71yql0.cloudfront.net/libraries/twemoji/1f5c4.svg,#N/A,shelf,,,,,
E-992-1,https://d18vdu4p71yql0.cloudfront.net/libraries/noun-project/Tablet_428_g.svg,#N/A,iPad,,,,,
E-996-1,https://d18vdu4p71yql0.cloudfront.net/libraries/noun-project/Fan-4b5e94d040.svg,#N/A,fan,,,,,
E-997-1,https://d18vdu4p71yql0.cloudfront.net/libraries/twemoji/2668.svg,#N/A,heater,,,,,
A-1053-1,https://drive.google.com/file/d/1rInRK2RRnF6BAyA_hpJAMjowf-kR6Tzm/view?usp=sharing,#N/A,boo-boo,Hurt,,,,
A-1059-1,https://d18vdu4p71yql0.cloudfront.net/libraries/mulberry/rash.svg,#N/A,rash,Hurt,,,,
A-1060-1,https://d18vdu4p71yql0.cloudfront.net/libraries/noun-project/Leg-Pain_548_638285.svg,#N/A,pain,Hurt,,,,
E-1054-1,https://drive.google.com/file/d/1m5DDZtlivzvy7NESjfeuHNaWMMiTvhDJ/view?usp=sharing,#REF!,scab,Hurt,,,,
E-1055-1,https://drive.google.com/file/d/18Y6w9EJDRaWmG8MX-jfzVOTZsBuRDxMQ/view?usp=sharing,#N/A,bruise,Hurt,,,,
E-1056-1,https://drive.google.com/file/d/1NVnAYpG49zT7rupsmFsO75cpm73HyL4A/view?usp=sharing,#N/A,blister,Hurt,,,,
E-1057-1,https://drive.google.com/file/d/1UcWiVX_4EJRK9fjtoAitxAZPnVu4u_KM/view?usp=sharing,#N/A,splinter,Hurt,,,,
E-1058-1,https://d18vdu4p71yql0.cloudfront.net/libraries/mulberry/burn.svg,#N/A,burn,Hurt,,,,
A-32-1,https://d18vdu4p71yql0.cloudfront.net/libraries/noun-project/Listen_667_g.svg,#N/A,listen,,,,,
A-4-1,https://drive.google.com/file/d/1MEyLndc9LbBTt2nxUdfjCY3KGJ1UFPqS/view?usp=sharing,#N/A,is,,,,,
B-72-1,https://drive.google.com/file/d/1DuNcbRaKqkpjAkINoCsGG_qQajLRMOOo/view?usp=sharing,#N/A,let,,,,,
C-110-1,https://d18vdu4p71yql0.cloudfront.net/libraries/tawasol/know.jpg,#N/A,know,,,,,
C-115-1,https://d18vdu4p71yql0.cloudfront.net/libraries/noun-project/Home_119_g.svg,#N/A,live,,,,,
C-116-1,https://d18vdu4p71yql0.cloudfront.net/libraries/arasaac/lose_2.png,#N/A,lose,,,,,
C-139-1,https://d18vdu4p71yql0.cloudfront.net/libraries/noun-project/Laying-Vector-Icon_638_g.svg,#N/A,lay,,,,,
C-141-1,https://drive.google.com/file/d/1kQ4klet4NokQGeAXdQzmqVuwH7XscAY8/view?usp=sharing,#N/A,kick,,,,,
C-146-1,https://d18vdu4p71yql0.cloudfront.net/libraries/noun-project/hurdling_200_541968.svg,#N/A,jump,,,,,
C-158-1,https://d18vdu4p71yql0.cloudfront.net/libraries/tawasol/Learn%20(M).png,#N/A,learn,,,,,
C-160-1,https://drive.google.com/file/d/1Poi5vOuIz5HL2PrhGFPchTVjlM1cq7Ji/view?usp=sharing,#N/A,kiss,,,,,
D-303-1,https://d18vdu4p71yql0.cloudfront.net/libraries/twemoji/1f510.svg,#N/A,lock,,,,,
E-504-1,https://d18vdu4p71yql0.cloudfront.net/libraries/tawasol/leave.jpg,#N/A,leave,,,,,
E-512-1,https://d18vdu4p71yql0.cloudfront.net/libraries/noun-project/Ski%20Lift-0989c55f02.svg,#N/A,lift,,,,,
E-523-1,https://d18vdu4p71yql0.cloudfront.net/libraries/mulberry/itch.svg,#N/A,itch,,,,,
C-189-1,https://drive.google.com/file/d/1uIpNUoEBeZ8X-QiNt9M7hq8j7zlWD-4l/view?usp=sharing,#N/A,if,,,,,
C-198-1,https://d18vdu4p71yql0.cloudfront.net/libraries/mulberry/beside%20next%20to.svg,#N/A,beside,,,,,
C-210-1,https://drive.google.com/file/d/1VahAEg6l324NVbfobUTlkkIJfvFpstXC/view?usp=sharing,#N/A,the ,,,,,
C-211-1,https://drive.google.com/file/d/1L6kF2g_7vd-Y54r6hT3ZGLtEVNZ2832-/view?usp=sharing,#N/A,a,,,,,
C-212-1,https://drive.google.com/file/d/1wP8rUbPhBCj-Y9lRMKQQrJJ_Ga_92Ihz/view?usp=sharing,#N/A,but,,,,,
C-213-1,https://drive.google.com/file/d/1PcyzVhMH_shoGv1tvBZlbUn8BzFNVm6Z/view?usp=sharing,#N/A,or,,,,,
A-1118-1,https://drive.google.com/file/d/12M7Y8uY6pXM-BF7_LGg0Z0L0uc-aa4Sv/view?usp=sharing,#N/A,b,,,,,
A-1119-1,https://d18vdu4p71yql0.cloudfront.net/libraries/mulberry/C.svg,#N/A,c,,,,,
A-1120-1,https://d18vdu4p71yql0.cloudfront.net/libraries/mulberry/d%20-%20lower%20case.svg,#N/A,d,,,,,
E-1121-1,https://d18vdu4p71yql0.cloudfront.net/libraries/mulberry/e%20-%20lower%20case.svg,#N/A,e,,,,,
E-1122-1,https://d18vdu4p71yql0.cloudfront.net/libraries/mulberry/f%20-%20lower%20case.svg,#N/A,f,,,,,
E-1123-1,https://d18vdu4p71yql0.cloudfront.net/libraries/mulberry/g%20-%20lower%20case.svg,#N/A,g,,,,,
E-1124-1,https://d18vdu4p71yql0.cloudfront.net/libraries/mulberry/h%20-%20lower%20case.svg,#N/A,h,,,,,
E-1125-1,https://d18vdu4p71yql0.cloudfront.net/libraries/mulberry/i%20-%20lower%20case.svg,#N/A,i,,,,,
E-1126-1,https://d18vdu4p71yql0.cloudfront.net/libraries/mulberry/j%20-%20lower%20case.svg,#N/A,j,,,,,
E-1127-1,https://d18vdu4p71yql0.cloudfront.net/libraries/mulberry/k%20-%20lower%20case.svg,#N/A,k,,,,,
E-1128-1,https://d18vdu4p71yql0.cloudfront.net/libraries/mulberry/l%20-%20lower%20case.svg,#N/A,l,,,,,
E-1129-1,https://drive.google.com/file/d/11P1XjG3ge8OUN7WtjmOWgoQ9-59y1m2B/view?usp=sharing,#N/A,m,,,,,
E-1130-1,https://d18vdu4p71yql0.cloudfront.net/libraries/mulberry/n%20-%20lower%20case.svg,#N/A,n,,,,,
E-1131-1,https://drive.google.com/file/d/1L00n3kTA6rrdCjSwDLObI_zbHcBOd81u/view?usp=sharing,#N/A,o,,,,,
E-1132-1,https://drive.google.com/file/d/1jHg8pw1RW-jq-ghYTpMLOPcclanuPyeB/view?usp=sharing,#N/A,p,,,,,
E-1133-1,https://d18vdu4p71yql0.cloudfront.net/libraries/mulberry/q%20-%20lower%20case.svg,#N/A,q,,,,,
E-1134-1,https://d18vdu4p71yql0.cloudfront.net/libraries/mulberry/r%20-%20lower%20case.svg,#N/A,r,,,,,
E-1135-1,https://d18vdu4p71yql0.cloudfront.net/libraries/mulberry/s%20-%20lower%20case.svg,#N/A,s,,,,,
E-1136-1,https://d18vdu4p71yql0.cloudfront.net/libraries/mulberry/t%20-%20lower%20case.svg,#N/A,t,,,,,
E-1137-1,https://d18vdu4p71yql0.cloudfront.net/libraries/mulberry/u%20-%20lower%20case.svg,#N/A,u,,,,,
E-1138-1,https://d18vdu4p71yql0.cloudfront.net/libraries/mulberry/v%20-%20lower%20case.svg,#N/A,v,,,,,
E-1139-1,https://d18vdu4p71yql0.cloudfront.net/libraries/mulberry/w%20-%20lower%20case.svg,#N/A,w,,,,,
E-1141-1,https://d18vdu4p71yql0.cloudfront.net/libraries/mulberry/y%20-%20lower%20case.svg,#N/A,y,,,,,
E-1142-1,https://d18vdu4p71yql0.cloudfront.net/libraries/mulberry/z%20-%20lower%20case.svg,#N/A,z ,,,,,
A-28-1,https://d18vdu4p71yql0.cloudfront.net/libraries/noun-project/hammer-nail_846_g.svg,#N/A,make,,,,,
A-30-1,https://drive.google.com/file/d/1h9aDlOjtgph72JeMyYnwoP8A_7Q6ZzkH/view?usp=sharing,#N/A,put,,,,,
A-36-1,https://drive.google.com/file/d/18T5vHIsykXQcIQzftvd6fMUWsM3Aze-l/view?usp=sharing,#N/A,open,,,,,
C-118-1,https://drive.google.com/file/d/11adNYBT9bYL-WiZMhsrQ-0-8aj1CJjfm/view?usp=sharing,#N/A,may,,,,,
C-125-1,https://d18vdu4p71yql0.cloudfront.net/libraries/noun-project/pull_238_g.svg,#N/A,pull,,,,,
C-126-1,https://d18vdu4p71yql0.cloudfront.net/libraries/noun-project/push_284_g.svg,#N/A,push,,,,,
C-140-1,https://d18vdu4p71yql0.cloudfront.net/libraries/noun-project/Move_352_g.svg,#N/A,move,,,,,
C-166-1,"https://d18vdu4p71yql0.cloudfront.net/libraries/mulberry/pour%20cake%20mixture%20,%20to.svg",#N/A,pour,,,,,
C-167-1,"https://d18vdu4p71yql0.cloudfront.net/libraries/mulberry/stir%20mix%20,%20to.svg",#N/A,mix,,,,,
C-180-1,https://drive.google.com/file/d/1wDy4rXSIjSSxzgX7zBaCqUue0uAwhoS3/view?usp=sharing,#N/A,own,,,,,
D-309-1,https://d18vdu4p71yql0.cloudfront.net/libraries/noun-project/pop_996_g.svg,#N/A,pop,,,,,
E-510-1,https://d18vdu4p71yql0.cloudfront.net/libraries/noun-project/Pets_785_g.svg,#N/A,pet,,,,,
E-514-1,https://drive.google.com/file/d/1oCd8lm4sOxzYS3pmU41W5gsIuT8iTx9o/view?usp=sharing,#N/A,order,,,,,
E-539-1,https://d18vdu4p71yql0.cloudfront.net/libraries/twemoji/1f937-1f3fb.svg,#N/A,may,,,,,
E-540-1,https://d18vdu4p71yql0.cloudfront.net/libraries/noun-project/pass_414_g.svg,#N/A,pass,,,,,
A-403-1,https://d18vdu4p71yql0.cloudfront.net/libraries/mulberry/macaroni%20cheese.svg,#N/A,macaroni and cheese,Meal,Food,,,
A-404-1,https://drive.google.com/file/d/1BOzdigxem0AFjH_FMBbwLns0rgrS6RAZ/view?usp=sharing,#N/A,french fries,Meal,Food,,,
A-405-1,https://d18vdu4p71yql0.cloudfront.net/libraries/twemoji/1f32d.svg,#N/A,hot dog,Meal,Food,,,
D-406-1,"https://d18vdu4p71yql0.cloudfront.net/libraries/mulberry/cheese%20on%20toast%20,%20melted.svg",#N/A,grilled cheese,Meal,Food,,,
E-572-1,https://d18vdu4p71yql0.cloudfront.net/libraries/mulberry/dinner.svg,#N/A,meal,Meal,Food,,,
E-573-1,https://d18vdu4p71yql0.cloudfront.net/libraries/mulberry/breakfast%20time.svg,#N/A,breakfast,Meal,Food,,,
E-624-1,https://d18vdu4p71yql0.cloudfront.net/libraries/noun-project/Mashed-Potatoes_328_g.svg,#N/A,mashed potatoes,Meal,Food,,,
E-626-1,https://d18vdu4p71yql0.cloudfront.net/libraries/noun-project/Corn-3c3df95fee.svg,#N/A,corn dog,Meal,Food,,,
E-628-1,https://d18vdu4p71yql0.cloudfront.net/libraries/twemoji/1f954.svg,#N/A,tater tot,Meal,Food,,,
A-378-1,https://d18vdu4p71yql0.cloudfront.net/libraries/mulberry/chicken%20nuggets.svg,#N/A,chicken nugget,Meat,Food,,,
A-380-1,https://d18vdu4p71yql0.cloudfront.net/libraries/mulberry/meatballs%20and%20spaghetti.svg,#N/A,meatball,Meat,Food,,,
D-381-1,https://d18vdu4p71yql0.cloudfront.net/libraries/twemoji/1f355.svg,#N/A,pepperoni,Meat,Food,,,
E-602-1,https://d18vdu4p71yql0.cloudfront.net/libraries/mulberry/cheese%20burger.svg,#N/A,cheeseburger,Meat,Food,,,
E-603-1,https://d18vdu4p71yql0.cloudfront.net/libraries/mulberry/ham.svg,#N/A,ham ,Meat,Food,,,
E-604-1,https://d18vdu4p71yql0.cloudfront.net/libraries/mulberry/ham.svg,#N/A,salami,Meat,Food,,,
E-607-1,https://d18vdu4p71yql0.cloudfront.net/libraries/noun-project/Pork-cb8be67b32.svg,#N/A,pork,Meat,Food,,,
E-608-1,https://d18vdu4p71yql0.cloudfront.net/libraries/mulberry/sausage%20and%20mash.svg,#N/A,sausage,Meat,Food,,,
A-1143-1,https://d18vdu4p71yql0.cloudfront.net/libraries/mulberry/musical%20instruments.svg,#N/A,instrument,Music,,,,
A-1144-1,https://d18vdu4p71yql0.cloudfront.net/libraries/twemoji/1f3b9.svg,#N/A,piano,Music,,,,
E-1148-1,https://d18vdu4p71yql0.cloudfront.net/libraries/noun-project/Horn-ea9a0979c4.svg,#N/A,horn,Music,,,,
E-1150-1,https://d18vdu4p71yql0.cloudfront.net/libraries/mulberry/xylophone.svg,#N/A,xylophone,Music,,,,
E-1151-1,https://drive.google.com/file/d/1itsH9zEN9svevK546vNp02PqMIZnee5g/view?usp=sharing,#N/A,maraca,Music,,,,
E-1152-1,https://drive.google.com/file/d/1Bej_oMaKdsPvq48ZTueeT78zFQXzanQo/view?usp=sharing,#N/A,tambourine,Music,,,,
A-1078-1,https://d18vdu4p71yql0.cloudfront.net/libraries/mulberry/stick.svg,#N/A,stick,,,,,
E-1079-1,https://d18vdu4p71yql0.cloudfront.net/libraries/twemoji/1f3de.svg,#N/A,river,,,,,
E-1080-1,https://d18vdu4p71yql0.cloudfront.net/libraries/twemoji/1f30a.svg,#N/A,ocean,,,,,
E-1081-1,https://d18vdu4p71yql0.cloudfront.net/libraries/twemoji/1f3de.svg,#N/A,lake,,,,,
E-1083-1,https://d18vdu4p71yql0.cloudfront.net/libraries/twemoji/1f331.svg,#N/A,plant,,,,,
E-1084-1,https://d18vdu4p71yql0.cloudfront.net/libraries/mulberry/ground.svg,#N/A,dirt,,,,,
E-1085-1,https://d18vdu4p71yql0.cloudfront.net/libraries/mulberry/ground.svg,#N/A,sand,,,,,
E-1086-1,https://d18vdu4p71yql0.cloudfront.net/libraries/noun-project/forest_46_g.svg,#N/A,forest,,,,,
E-1088-1,https://d18vdu4p71yql0.cloudfront.net/libraries/twemoji/1f304.svg,#N/A,hill,,,,,
E-1090-1,https://d18vdu4p71yql0.cloudfront.net/libraries/mulberry/grass.svg,#N/A,grass,,,,,
E-1091-1,https://d18vdu4p71yql0.cloudfront.net/libraries/mulberry/ground.svg,#N/A,mud,,,,,
E-1094-1,https://d18vdu4p71yql0.cloudfront.net/libraries/twemoji/1f30c.svg,#N/A,space,,,,,
E-1095-1,https://d18vdu4p71yql0.cloudfront.net/libraries/twemoji/2601.svg,#N/A,sky,,,,,
E-1096-1,https://d18vdu4p71yql0.cloudfront.net/libraries/mulberry/ground.svg,#N/A,ground,,,,,
A-649-1,https://drive.google.com/file/d/1T4YoED2ip_ZugLGlfswR-4gRc32WwqmF/view?usp=sharing,#N/A,0,Numbers,,,,
A-650-1,https://drive.google.com/file/d/1ftm0z2YeJaWTg-LoI8fgbZDx8r4nbag3/view?usp=sharing,#N/A,1,Numbers,,,,
A-651-1,https://drive.google.com/file/d/1fqOoCD65MWJLLgevGiEwZ196GVhXI3AQ/view?usp=sharing,#N/A,2,Numbers,,,,
A-652-1,https://drive.google.com/file/d/1ZUB_PzpFDvBoNasopXZiWUBylUXjJjn2/view?usp=sharing,#N/A,3,Numbers,,,,
E-653-1,https://drive.google.com/file/d/18uvineDssrTpG3qKbC6Bls1t5CaGfTLK/view?usp=sharing,#N/A,4,Numbers,,,,
E-654-1,https://drive.google.com/file/d/1G_VA4W_8r0zJGEgWX6-Pl994W3JLP-7a/view?usp=sharing,#N/A,5,Numbers,,,,
E-655-1,https://drive.google.com/file/d/13xM-56kIO1h4HIeXQ_Duu84P4U2Y7ZnO/view?usp=sharing,#N/A,6,Numbers,,,,
E-656-1,https://drive.google.com/file/d/1mDd1DTmFVAeXV6J5hOzjyTlNJkzN1fMn/view?usp=sharing,#N/A,7,Numbers,,,,
E-657-1,https://drive.google.com/file/d/146xvRQLOq7L8wwRUc6v4ihzCLsgVDJLc/view?usp=sharing,#N/A,8,Numbers,,,,
E-658-1,https://drive.google.com/file/d/1pTGaAq-sObFLJ2B24Tp2kelVxVih4Y14/view?usp=sharing,#N/A,9,Numbers,,,,
E-659-1,https://drive.google.com/file/d/1lE9tef0fpIU69nQml9fN0fHZUFZE7hJJ/view?usp=sharing,#N/A,10,Numbers,,,,
E-660-1,https://drive.google.com/file/d/1N4gyl8uzyfkdukSQm8BIm41eTtMUEEAC/view?usp=sharing,#N/A,11,Numbers,,,,
E-661-1,https://drive.google.com/file/d/1LCJCr0TOyEP4LKHJJzO0rYxXbodK4PXC/view?usp=sharing,#N/A,12,Numbers,,,,
E-662-1,https://drive.google.com/file/d/1NFBH1Re2o4o4qGCAY0LMBJIKiBJaPIC-/view?usp=sharing,#N/A,13,Numbers,,,,
E-663-1,https://drive.google.com/file/d/1fg5C9O7pu5TK-gNjaUE4c1huxkCZsRs3/view?usp=sharing,#N/A,14,Numbers,,,,
E-664-1,https://drive.google.com/file/d/1xSm42dqhM4DLXEWwMao9-TiotiMHezkg/view?usp=sharing,#N/A,15,Numbers,,,,
E-665-1,https://drive.google.com/file/d/1JkX2oKb0tP6t72ySKXhlBscy7WCYbCBp/view?usp=sharing,#N/A,16,Numbers,,,,
E-666-1,https://drive.google.com/file/d/1NzOTrbJUAM5TO4xCzv2F9xir8PBiUR2H/view?usp=sharing,#N/A,17,Numbers,,,,
E-667-1,https://drive.google.com/file/d/1H8DKCiJRbxn228LDBLnNOb140J1mPOxB/view?usp=sharing,#N/A,18,Numbers,,,,
E-668-1,https://drive.google.com/file/d/1HgfMtD53ZozSc0vQR9aCWJMCyGLDBVet/view?usp=sharing,#N/A,19,Numbers,,,,
E-669-1,https://drive.google.com/file/d/1nIgL8tG4oG8MZtIjq0XyEtJbOKqwE0mS/view?usp=sharing,#N/A,20,Numbers,,,,
E-670-1,https://drive.google.com/file/d/1tdziaYILFgeGv7FfvMbSgfKgblJ5M_BA/view?usp=sharing,#N/A,30,Numbers,,,,
E-671-1,https://drive.google.com/file/d/1g6hZtkQ1Wpfril0Pu1ftJQvidLomhqSZ/view?usp=sharing,#N/A,40,Numbers,,,,
E-672-1,https://drive.google.com/file/d/1Pw1kGmpwKwZTZe5mZdTgy-TtM7RFJQ67/view?usp=sharing,#N/A,50,Numbers,,,,
E-673-1,https://drive.google.com/file/d/1lwjxbbyMYUtja0gNOJyadUFbp_bLgSZh/view?usp=sharing,#N/A,60,Numbers,,,,
E-674-1,https://drive.google.com/file/d/1ybTzoA3iYXioUeS4XNaVZ9vnZRl5hpyR/view?usp=sharing,#N/A,70,Numbers,,,,
E-675-1,https://drive.google.com/file/d/1T04jOmtkxo7sXXMlwU1QH7tlJ1Hp5f4w/view?usp=sharing,#N/A,80,Numbers,,,,
E-676-1,https://drive.google.com/file/d/1h_1UIxaXqsiPz_IRiE_OnZTplO-lsx4Q/view?usp=sharing,#N/A,90,Numbers,,,,
E-677-1,https://drive.google.com/file/d/10zq5-ujW4fINqqDVCnPKwdJjIRTLnWBM/view?usp=sharing,#N/A,100,Numbers,,,,
A-1042-1,https://drive.google.com/file/d/12KYNN-iehnlWyPd9njlY1ArNnfihg61n/view?usp=sharing,#N/A,penis,Private,,,,
A-1043-1,https://drive.google.com/file/d/13JXdGCggjIvYRQHm9fzrkw14kfWYkBY-/view?usp=sharing,#N/A,vagina,Private,,,,
A-1044-1,https://drive.google.com/file/d/1BUG2RsulQBQjAN9sFgyDI-gJTX_S0k_c/view?usp=sharing,#N/A,breast,Private,,,,
A-489-1,https://d18vdu4p71yql0.cloudfront.net/libraries/mulberry/bottom%203.svg,#N/A,bottom,Private,,,,
A-39-1,https://drive.google.com/file/d/1B1SJnvd0mASJTT-S6p-3dB92B2ZN4Juq/view?usp=sharing,#N/A,read,,,,,
C-127-1,https://drive.google.com/file/d/1Cgx6VmuHOonM6gT2fWpn3Bpev3ts-SEy/view?usp=sharing,#N/A,say,,,,,
C-128-1,https://drive.google.com/file/d/1mX6Vw9bkmDOn3s6zOnudfleLqcsy_AKt/view?usp=sharing,#N/A,see,,,,,
C-135-1,"https://d18vdu4p71yql0.cloudfront.net/libraries/mulberry/ride%20horse%20,%20to.svg",#N/A,ride,,,,,
C-136-1,https://drive.google.com/file/d/103g60BqXpK-pjPMs269m-RUm8WFUA14w/view?usp=sharing,#N/A,show,,,,,
C-137-1,"https://d18vdu4p71yql0.cloudfront.net/libraries/mulberry/sit%20at%20computer%20,%20to.svg",#N/A,sit,,,,,
C-138-1,https://d18vdu4p71yql0.cloudfront.net/libraries/noun-project/naked_826_g.svg,#N/A,stand,,,,,
C-147-1,"https://d18vdu4p71yql0.cloudfront.net/libraries/mulberry/swim%20,%20to.svg",#N/A,swim,,,,,
C-148-1,https://drive.google.com/file/d/1O1rciWJa7CGrPfbhYXM7ut_cC5JZDQ5t/view?usp=sharing,#N/A,swing,,,,,
C-150-1,https://drive.google.com/file/d/1tllahgC5Ip6cjkfGJaEpA7_jKEGGJH0u/view?usp=sharing,#N/A,sing,,,,,
C-171-1,https://drive.google.com/file/d/1BrVrj5i2qEyk9JFbgKIh55Ow4nWnalCL/view?usp=sharing,#N/A,should,,,,,
C-174-1,https://drive.google.com/file/d/1-pMNv_PQEMEWgQs7Su07ipWfqyuHc6EG/view?usp=sharing,#N/A,smell,,,,,
C-178-1,https://d18vdu4p71yql0.cloudfront.net/libraries/noun-project/reminder_410_g.svg,#N/A,remember,,,,,
C-179-1,https://d18vdu4p71yql0.cloudfront.net/libraries/noun-project/Share_933_g.svg,#N/A,share,,,,,
C-182-1,https://d18vdu4p71yql0.cloudfront.net/libraries/tawasol/rest%20time.jpg,#N/A,rest,,,,,
C-183-1,https://d18vdu4p71yql0.cloudfront.net/libraries/noun-project/Anchor_422_g.svg,#N/A,stay,,,,,
C-294-1,https://d18vdu4p71yql0.cloudfront.net/libraries/twemoji/1f631.svg,#N/A,scare,,,,,
C-298-1,https://d18vdu4p71yql0.cloudfront.net/libraries/twemoji/1f91d.svg,#N/A,shake,,,,,
D-304-1,"https://d18vdu4p71yql0.cloudfront.net/libraries/mulberry/scoop%20,%20to.svg",#N/A,scoop,,,,,
D-307-1,https://d18vdu4p71yql0.cloudfront.net/libraries/icomoon/spin.svg,#N/A,spin,,,,,
D-312-1,https://d18vdu4p71yql0.cloudfront.net/libraries/noun-project/Splatter_783_g.svg,#N/A,spill,,,,,
D-313-1,"https://d18vdu4p71yql0.cloudfront.net/libraries/mulberry/squash%20,%20to.svg",#N/A,squeeze,,,,,
E-506-1,https://d18vdu4p71yql0.cloudfront.net/libraries/mulberry/stick.svg,#N/A,stick,,,,,
E-509-1,https://drive.google.com/file/d/1bGhiM-vcTfzhyP1hYk2bPxN2jBh6aO-n/view?usp=sharing,#N/A,splash,,,,,
E-525-1,U+1F946,#N/A,shoot,,,,,
E-528-1,https://d18vdu4p71yql0.cloudfront.net/libraries/icon_archive/save.png,#N/A,save,,,,,
E-537-1,https://d18vdu4p71yql0.cloudfront.net/libraries/twemoji/1f4b8.svg,#N/A,spend,,,,,
A-208-1,https://drive.google.com/file/d/1JzXSD22brucyxlY3kVGYXLSsbVcBr3db/view?usp=sharing,#N/A,how,Questions,,,,
A-209-1,https://d18vdu4p71yql0.cloudfront.net/libraries/mulberry/which.svg,#N/A,which,Questions,,,,
A-7-1,https://drive.google.com/file/d/1luAYI1MqyravfcU7iR9SEKvwTUCTpeI-/view?usp=sharing,#N/A,what,Questions,,,,
A-684-1,https://d18vdu4p71yql0.cloudfront.net/libraries/noun-project/Nurse_874_g.svg,#N/A,aide,School,,,,
E-1068-1,https://d18vdu4p71yql0.cloudfront.net/libraries/noun-project/triangle_698_g.svg,#N/A,triangle,Shapes,,,,
E-1069-1,https://d18vdu4p71yql0.cloudfront.net/libraries/noun-project/rectangle_84_g.svg,#N/A,rectangle,Shapes,,,,
E-1070-1,https://www.opensymbols.org/symbols/noun-project/ellipse-7b1d2590?id=45836,#N/A,oval,Shapes,,,,
E-1074-1,https://d18vdu4p71yql0.cloudfront.net/libraries/tawasol/Line.png,#N/A,line,Shapes,,,,
A-1061-1,https://d18vdu4p71yql0.cloudfront.net/libraries/noun-project/Back-Pain_859_g.svg,#N/A,ache,,,,,
A-369-1,https://d18vdu4p71yql0.cloudfront.net/libraries/noun-project/crackers_360_g.svg,#N/A,cracker,Snack,Food,,,
A-370-1,https://d18vdu4p71yql0.cloudfront.net/libraries/mulberry/cake%20bar.svg,#N/A,bar,Snack,Food,,,
A-371-1,https://d18vdu4p71yql0.cloudfront.net/libraries/noun-project/chips_342_655794.svg,#N/A,chip,Snack,Food,,,
D-373-1,https://d18vdu4p71yql0.cloudfront.net/libraries/noun-project/gummy-bear_651_60011.svg,#N/A,gummy snack,Snack,Food,,,
D-374-1,https://d18vdu4p71yql0.cloudfront.net/libraries/noun-project/Jello_688_g.svg,#N/A,jello,Snack,Food,,,
A-105-1,https://drive.google.com/file/d/1gCThweSE81H_aAU3bqPWKY-gP36Rxy_v/view?usp=sharing,#N/A,thank you,,,,,
B-101-1,https://drive.google.com/file/d/1Db8N1U-akE1dI0kQP7MRjkDzphtcCg1J/view?usp=sharing,#N/A,hello,,,,,
A-1109-1,https://d18vdu4p71yql0.cloudfront.net/libraries/twemoji/1f3c8.svg,#N/A,football,Sports,,,,
E-1112-1,https://d18vdu4p71yql0.cloudfront.net/libraries/twemoji/1f3d2.svg,#N/A,hockey,Sports,,,,
E-1114-1,https://d18vdu4p71yql0.cloudfront.net/libraries/noun-project/Plate-a3b47bcad2.svg,#N/A,frisbee,Sports,,,,
A-456-1,https://d18vdu4p71yql0.cloudfront.net/libraries/mulberry/craft%20table.svg,#N/A,supply,Art,,,,
A-831-1,https://drive.google.com/file/d/1H5Q8hMNX1Z18bkR1rQBVZyKdHVKx0BaQ/view?usp=sharing,#N/A,scissors,Art,,,,
E-832-1,https://d18vdu4p71yql0.cloudfront.net/libraries/icon_archive/Marker_1.png,#N/A,marker,Art,,,,
E-833-1,https://d18vdu4p71yql0.cloudfront.net/libraries/noun-project/Paper_349_g.svg,#N/A,paper,Art,,,,
E-834-1,https://d18vdu4p71yql0.cloudfront.net/libraries/mulberry/lunch%20box.svg,#N/A,lunchbox,Art,,,,
E-835-1,https://d18vdu4p71yql0.cloudfront.net/libraries/tawasol/Eraser.png,#N/A,eraser,Art,,,,
E-836-1,https://d18vdu4p71yql0.cloudfront.net/libraries/mulberry/stapler.svg,#N/A,stapler,Art,,,,
E-837-1,https://d18vdu4p71yql0.cloudfront.net/libraries/mulberry/glue.svg,#N/A,glue,Art,,,,
E-838-1,https://d18vdu4p71yql0.cloudfront.net/libraries/mulberry/glitter.svg,#N/A,glitter,Art,,,,
E-839-1,https://d18vdu4p71yql0.cloudfront.net/libraries/noun-project/hole-punch_623_g.svg,#N/A,hole punch,Art,,,,
E-840-1,https://d18vdu4p71yql0.cloudfront.net/libraries/icon_archive/Paint.png,#N/A,paint,Art,,,,
E-843-1,https://d18vdu4p71yql0.cloudfront.net/libraries/mulberry/masking%20tape.svg,#N/A,tape,Art,,,,
E-844-1,https://d18vdu4p71yql0.cloudfront.net/libraries/noun-project/sticker_155_g.svg,#N/A,sticker,Art,,,,
E-847-1,https://d18vdu4p71yql0.cloudfront.net/libraries/mulberry/chalk.svg,#N/A,chalk,Art,,,,
E-848-1,https://drive.google.com/file/d/1Yh_YJiD1v1J4XQaBK3ly-1k-7gSb2E7_/view?usp=sharing,#N/A,fidget,Art,,,,
E-850-1,https://d18vdu4p71yql0.cloudfront.net/libraries/icon_archive/Stamp.png,#N/A,stamp,Art,,,,
A-5-1,https://drive.google.com/file/d/1MEyLndc9LbBTt2nxUdfjCY3KGJ1UFPqS/view?usp=sharing,#N/A,was,,,,,
A-6-1,https://drive.google.com/file/d/1MEyLndc9LbBTt2nxUdfjCY3KGJ1UFPqS/view?usp=sharing,#N/A,would,,,,,
B-57-1,https://d18vdu4p71yql0.cloudfront.net/libraries/tawasol/Take.png,#N/A,take,,,,,
B-60-1,https://drive.google.com/file/d/1YQ9f_P20Lqy7Jp0qwwEIhKG226astY1d/view?usp=sharing,#N/A,tell,,,,,
C-119-1,https://d18vdu4p71yql0.cloudfront.net/libraries/arasaac/think.png,#N/A,think,,,,,
C-122-1,https://d18vdu4p71yql0.cloudfront.net/libraries/noun-project/push_284_g.svg,#N/A,try,,,,,
C-130-1,https://d18vdu4p71yql0.cloudfront.net/libraries/twemoji/1f3c6.svg,#N/A,win,,,,,
C-142-1,https://d18vdu4p71yql0.cloudfront.net/libraries/noun-project/Throw-d4c52c5041.svg,#N/A,throw,,,,,
C-161-1,https://d18vdu4p71yql0.cloudfront.net/libraries/tawasol/wake%20up.jpg,#N/A,wake,,,,,
C-163-1,https://drive.google.com/file/d/1qhsRXBekEysCGogvCIA2TU31JfjJR_ai/view?usp=sharing,#N/A,touch,,,,,
C-164-1,"https://d18vdu4p71yql0.cloudfront.net/libraries/mulberry/work%20,%20to.svg",#N/A,work,,,,,
C-175-1,"https://d18vdu4p71yql0.cloudfront.net/libraries/mulberry/taste%20,%20to.svg",#N/A,taste,,,,,
C-177-1,https://d18vdu4p71yql0.cloudfront.net/libraries/noun-project/speak_676_g.svg,#N/A,yell,,,,,
C-185-1,https://d18vdu4p71yql0.cloudfront.net/libraries/mulberry/clean%20hands.svg,#N/A,tickle,,,,,
C-297-1,https://d18vdu4p71yql0.cloudfront.net/libraries/twemoji/27b0.svg,#N/A,tie,,,,,
C-300-1,https://d18vdu4p71yql0.cloudfront.net/libraries/mulberry/wavy.svg,#N/A,wiggle,,,,,
C-301-1,https://d18vdu4p71yql0.cloudfront.net/libraries/twemoji/270b.svg,#N/A,wait,,,,,
E-503-1,https://drive.google.com/file/d/1oTvqV34hgiap_Y_ygM6pl5VhLfsNdMK-/view?usp=sharing,#N/A,use,,,,,
E-517-1,https://d18vdu4p71yql0.cloudfront.net/libraries/twemoji/2328.svg,#N/A,type,,,,,
E-522-1,https://d18vdu4p71yql0.cloudfront.net/libraries/mulberry/visitor%201a.svg,#N/A,visit,,,,,
A-862-1,https://drive.google.com/file/d/1uZTuCvQ6VIBBGBvWP5PJuOoXJFC-uP12/view?usp=sharing,#N/A,napkin,,,,,
A-865-1,https://d18vdu4p71yql0.cloudfront.net/libraries/noun-project/Plate_445_g.svg,#N/A,plate,,,,,
E-868-1,https://d18vdu4p71yql0.cloudfront.net/libraries/noun-project/Knife-6893c02582.svg,#N/A,knife,,,,,
E-869-1,https://d18vdu4p71yql0.cloudfront.net/libraries/noun-project/straw_25_g.svg,#N/A,straw,,,,,
E-873-1,https://d18vdu4p71yql0.cloudfront.net/libraries/noun-project/Spatula-7a5805968a.svg,#N/A,spatula,,,,,
E-874-1,https://d18vdu4p71yql0.cloudfront.net/libraries/mulberry/paper%20towel.svg,#N/A,paper towel,,,,,
A-923-1,https://d18vdu4p71yql0.cloudfront.net/libraries/noun-project/drill_389_744679.svg,#N/A,drill,Tools,,,,
E-924-1,https://d18vdu4p71yql0.cloudfront.net/libraries/noun-project/nail_143_g.svg,#N/A,nail ,Tools,,,,
E-926-1,https://d18vdu4p71yql0.cloudfront.net/libraries/noun-project/Tape-Measure_659_g.svg,#N/A,measuring tape,Tools,,,,
E-928-1,https://d18vdu4p71yql0.cloudfront.net/libraries/noun-project/Snow-Shovel_282_32804.svg,#N/A,shovel,Tools,,,,
E-929-1,https://d18vdu4p71yql0.cloudfront.net/libraries/mulberry/rake.svg,#N/A,rake,Tools,,,,
E-930-1,https://drive.google.com/file/d/1f1Gl-mu51i5Xe2AoSsRIXTbAtOADoTAj/view?usp=sharing,#N/A,lawn mower,Tools,,,,
A-277-1,https://d18vdu4p71yql0.cloudfront.net/libraries/twemoji/1f3ce.svg,#N/A,toy,Toys,,,,
A-464-1,https://d18vdu4p71yql0.cloudfront.net/libraries/mulberry/lego.svg,#N/A,Lego,Toys,,,,
A-466-1,https://drive.google.com/file/d/1hVNdsECzBY2Nvbt-Ju72EU6FqknCfR_p/view?usp=sharing,#N/A,bubbles,Toys,,,,
A-467-1,https://d18vdu4p71yql0.cloudfront.net/libraries/mulberry/playdough.svg,#N/A,play dough,Toys,,,,
D-463-1,https://d18vdu4p71yql0.cloudfront.net/libraries/mulberry/lego.svg,#N/A,block,Toys,,,,
D-468-1,https://d18vdu4p71yql0.cloudfront.net/libraries/noun-project/chess-knight_701_g.svg,#N/A,figure,Toys,,,,
D-469-1,https://d18vdu4p71yql0.cloudfront.net/libraries/noun-project/doll_663_302869.svg,#N/A,doll,Toys,,,,
D-470-1,https://d18vdu4p71yql0.cloudfront.net/libraries/twemoji/1f697.svg,#N/A,vehicle,Toys,,,,
A-339-1,https://d18vdu4p71yql0.cloudfront.net/libraries/mulberry/vegetables.svg,#N/A,vegetable,Vegetable,Food,,,
A-348-1,https://d18vdu4p71yql0.cloudfront.net/libraries/twemoji/1f33d.svg,#N/A,corn,Vegetable,Food,,,
D-340-1,https://d18vdu4p71yql0.cloudfront.net/libraries/mulberry/pea.svg,#N/A,pea,Vegetable,Food,,,
D-345-1,https://d18vdu4p71yql0.cloudfront.net/libraries/mulberry/green%20beans.svg,#N/A,green bean,Vegetable,Food,,,
D-346-1,https://d18vdu4p71yql0.cloudfront.net/libraries/mulberry/spinach.svg,#N/A,spinach,Vegetable,Food,,,
D-347-1,https://d18vdu4p71yql0.cloudfront.net/libraries/twemoji/1f96c.svg,#N/A,kale,Vegetable,Food,,,
E-586-1,https://d18vdu4p71yql0.cloudfront.net/libraries/noun-project/hand-drawn-celery_396_698247.svg,#N/A,celery,Vegetable,Food,,,
E-587-1,https://drive.google.com/file/d/15uJ3TCID107cYDHH-7KIClbWqOvYIgLz/view?usp=sharing,#N/A,squash,Vegetable,Food,,,
E-588-1,https://d18vdu4p71yql0.cloudfront.net/libraries/noun-project/pumpkin_341_g.svg,#N/A,pumpkin,Vegetable,Food,,,
E-589-1,https://d18vdu4p71yql0.cloudfront.net/libraries/mulberry/courgette.svg,#N/A,zucchini,Vegetable,Food,,,
E-590-1,https://d18vdu4p71yql0.cloudfront.net/libraries/noun-project/Iceberg-Lettuce_845_g.svg,#N/A,lettuce,Vegetable,Food,,,
E-591-1,https://d18vdu4p71yql0.cloudfront.net/libraries/noun-project/Artichoke_634_375065.svg,#N/A,artichoke,Vegetable,Food,,,
E-592-1,https://d18vdu4p71yql0.cloudfront.net/libraries/mulberry/olives.svg,#N/A,olve,Vegetable,Food,,,
E-593-1,https://d18vdu4p71yql0.cloudfront.net/libraries/noun-project/Asparagus_111_580674.svg,#N/A,asparagus,Vegetable,Food,,,
A-407-1,https://d18vdu4p71yql0.cloudfront.net/libraries/twemoji/1f697.svg,#N/A,car,Vehicles,,,,
A-408-1,https://d18vdu4p71yql0.cloudfront.net/libraries/twemoji/1f69a.svg,#N/A,truck,Vehicles,,,,
D-413-1,https://d18vdu4p71yql0.cloudfront.net/libraries/twemoji/1f6b2.svg,#N/A,bike,,,,,
D-417-1,https://d18vdu4p71yql0.cloudfront.net/libraries/twemoji/26f5.svg,#N/A,boat,,,,,
D-418-1,https://d18vdu4p71yql0.cloudfront.net/libraries/twemoji/1f693.svg,#N/A,police car,car,,,,
D-419-1,https://d18vdu4p71yql0.cloudfront.net/libraries/twemoji/1f692.svg,#N/A,fire truck,car,,,,
D-420-1,https://d18vdu4p71yql0.cloudfront.net/libraries/noun-project/Dump-Truck_493_367476.svg,#N/A,dump truck,car,,,,
D-421-1,https://d18vdu4p71yql0.cloudfront.net/libraries/noun-project/Dump-Truck_493_367476.svg,#N/A,cement truck,car,,,,
D-422-1,https://d18vdu4p71yql0.cloudfront.net/libraries/noun-project/Dump-Truck_493_367476.svg,#N/A,garbage truck,car,,,,
D-423-1,https://d18vdu4p71yql0.cloudfront.net/libraries/noun-project/Uneven%20Road-f250862e09.svg,#N/A,excavator,car,,,,
E-630-1,https://d18vdu4p71yql0.cloudfront.net/libraries/noun-project/Steering%20Wheel-ee4421f84b.svg,#N/A,skid-steer,car,,,,
E-631-1,https://d18vdu4p71yql0.cloudfront.net/libraries/twemoji/1f69c.svg,#N/A,steam-roller,Vehicles,,,,
E-632-1,https://d18vdu4p71yql0.cloudfront.net/libraries/noun-project/Auto%20Rickshaw-1f022e818d.svg,#N/A,auto rack,Vehicles,,,,
E-633-1,https://d18vdu4p71yql0.cloudfront.net/libraries/noun-project/Truck-17f09f69bc.svg,#N/A,box truck,Vehicles,,,,
E-634-1,https://d18vdu4p71yql0.cloudfront.net/libraries/twemoji/1f69a.svg,#N/A,mail truck,Vehicles,,,,
E-640-1,https://d18vdu4p71yql0.cloudfront.net/libraries/noun-project/Subway-8a2fd6f23c.svg,#N/A,subway,,,,,
E-642-1,https://d18vdu4p71yql0.cloudfront.net/libraries/noun-project/Covered-Wagon_75_91126.svg,#N/A,wagon,,,,,
E-644-1,https://d18vdu4p71yql0.cloudfront.net/libraries/noun-project/Stroller-5ab0fd9387.svg,#N/A,stroller,,,,,
E-645-1,https://d18vdu4p71yql0.cloudfront.net/libraries/noun-project/Wheel-5611c5a88d.svg,#N/A,wheel ,,,,,
E-646-1,https://d18vdu4p71yql0.cloudfront.net/libraries/mulberry/wing.svg,#N/A,wing,,,,,
E-647-1,https://d18vdu4p71yql0.cloudfront.net/libraries/noun-project/Road_425_g.svg,#N/A,road,,,,,
E-648-1,https://d18vdu4p71yql0.cloudfront.net/libraries/noun-project/Sign_566_g.svg,#N/A,sign,,,,,
A-454-1,https://drive.google.com/file/d/1sMjrPnI_ZrNxFFObJK4fLlLp22xOp8wH/view?usp=sharing,#N/A,fish,Animal,,,,
E-801-1,https://d18vdu4p71yql0.cloudfront.net/libraries/noun-project/Walrus_282_g.svg,#N/A,walrus,Animal,,,,
E-810-1,https://d18vdu4p71yql0.cloudfront.net/libraries/noun-project/Starfish_717_469915.svg,#N/A,starfish,Animal,,,,
E-811-1,https://d18vdu4p71yql0.cloudfront.net/libraries/noun-project/jelly-fish_458_g.svg,#N/A,jellyfish,Animal,,,,
A-1087-1,https://d18vdu4p71yql0.cloudfront.net/libraries/twemoji/2744.svg,#N/A,snow,Weather,,,,
A-1092-1,https://d18vdu4p71yql0.cloudfront.net/libraries/twemoji/2600.svg,#N/A,sun ,Weather,,,,
A-1097-1,https://d18vdu4p71yql0.cloudfront.net/libraries/icon_archive/Weather.png,#N/A,weather,Weather,,,,
E-1102-1,https://d18vdu4p71yql0.cloudfront.net/libraries/noun-project/Earthquake_30_g.svg,#N/A,earthquake,Weather,,,,
E-1103-1,https://d18vdu4p71yql0.cloudfront.net/libraries/twemoji/1f300.svg,#N/A,hurricane,Weather,,,,
E-1104-1,https://d18vdu4p71yql0.cloudfront.net/libraries/twemoji/1f327.svg,#N/A,rain ,Weather,,,,
E-1105-1,https://d18vdu4p71yql0.cloudfront.net/libraries/twemoji/26c8.svg,#N/A,storm,Weather,,,,
E-1106-1,https://d18vdu4p71yql0.cloudfront.net/libraries/twemoji/26c8.svg,#N/A,thunder,Weather,,,,
E-1107-1,https://drive.google.com/file/d/10xW_6MiaMm2pHEYG2rXEM8fOsiOTNl4-/view?usp=sharing,#N/A,lightning,Weather,,,,
E-777-1,https://d18vdu4p71yql0.cloudfront.net/libraries/sclera/monkey.png,#N/A,chimpanzee,Animal,,,,
E-794-1,https://d18vdu4p71yql0.cloudfront.net/libraries/noun-project/hippo_596_g.svg,#N/A,hippo,Animal,,,,
E-798-1,https://drive.google.com/file/d/1KJKelhuA9PZmRWho22APrItPmlQHVs0B/view?usp=sharing,#N/A,alligator,Animal,,,,
E-1116-1,https://d18vdu4p71yql0.cloudfront.net/libraries/twemoji/1f520.svg,#N/A,letter,,,,,
A-15-1,https://d18vdu4p71yql0.cloudfront.net/libraries/noun-project/Checklist_661_g.svg,,do,,,,,
A-25-1,https://drive.google.com/file/d/1i06ZlIQQQMbWI3SgwZbdxSrekk9PMa-G/view?usp=sharing,,drink,,,,,
C-113-1,https://drive.google.com/file/d/1PiEfolNkg88XrlyPNe72Pr1NZbabqZhl/view?usp=sharing,,cut,,,,,
C-131-1,https://d18vdu4p71yql0.cloudfront.net/libraries/mulberry/break%202.svg,,break,,,,,
E-702-1,https://drive.google.com/file/d/1fzX9ljsSBMTvGRLfwhun0vRKXgS2bszL/view?usp=sharing,,pirate,Characters,,,,
A-266-1,https://drive.google.com/file/d/1toSoGDgeMsriBbV1xCrej5SVu5fC38e-/view?usp=sharing,,black,Colors,,,,
A-283-1,,,place,,,,,
A-447-1,https://d18vdu4p71yql0.cloudfront.net/libraries/sclera/toilet%20use.png,,bathroom,,,,,
A-14-1,https://drive.google.com/file/d/1Nzof6wIY2sp-7VNKFbj9swS4gtY-gJZI/view?usp=sharing,,go,,,,,
A-24-1,https://drive.google.com/file/d/119G2w_Va9QQOVI5-sVLrv8HxEF4f2N8M/view?usp=sharing,,eat,,,,,
B-70-1,"https://d18vdu4p71yql0.cloudfront.net/libraries/mulberry/hear%20,%20to.svg",,hear,,,,,
C-123-1,https://d18vdu4p71yql0.cloudfront.net/libraries/tawasol/156-to%20happen.png,,happen,,,,,
C-159-1,https://d18vdu4p71yql0.cloudfront.net/libraries/noun-project/Family-58f58b669d.svg,,hug,,,,,
C-168-1,https://drive.google.com/file/d/1x27fhltpjN7q1dV89vXjy1f5vzqaUpGe/view?usp=sharing,,fly,,,,,
E-767-1,https://drive.google.com/file/d/1hVNdsECzBY2Nvbt-Ju72EU6FqknCfR_p/view?usp=sharing,,sheep,Farm,,,,
A-52-1,https://drive.google.com/file/d/1DTz-xna14cB-KvNLfqbaVjiNekFco_CC/view?usp=sharing,,happy,Feelings,,,,
A-12-1,https://drive.google.com/file/d/1ztGdEYU32YFnKAx3ewMgbODfgEYIME8O/view?usp=sharing,,on,,,,,
A-13-1,https://drive.google.com/file/d/1XCOO1EZTEPiX9QckvslPnLjpIgoG8pHT/view?usp=sharing,,off,,,,,
A-16-1,https://drive.google.com/file/d/1JZAhQcyssRTWrcyCNMzEoyR_l_EkCtKH/view?usp=sharing,,in,,,,,
A-17-1,https://drive.google.com/file/d/1K2rnoy9dxxeJK1UYufW0IKhUcVBMIizd/view?usp=sharing,,out,,,,,
B-73-1,https://drive.google.com/file/d/1ALOgLEXqzB-nihMFm2aM7pT_zzG0hPdO/view?usp=sharing,,fast,,,,,
B-74-1,https://drive.google.com/file/d/1KAUF_h0eZgNT9iCyVrSolHy1ZH7n95QO/view?usp=sharing,,slow,,,,,
B-75-1,https://d18vdu4p71yql0.cloudfront.net/libraries/noun-project/Ball-Boy-Getting-Ready_687_g.svg,,ready,,,,,
B-76-1,https://d18vdu4p71yql0.cloudfront.net/libraries/mulberry/some.svg,,some,,,,,
B-77-1,https://drive.google.com/file/d/1QSip24149Spr-WhtnP-N9HOLXaMlFTt6/view?usp=sharing,,all,,,,,
B-78-1,https://drive.google.com/file/d/1rt5LVBFWOC_k0PVjARJoiyh9EbbFn_QC/view?usp=sharing,,any,,,,,
B-79-1,https://drive.google.com/file/d/1u85Ttz-egRL4_p5dlpP-NXtyedso846M/view?usp=sharing,,every,,,,,
B-80-1,https://drive.google.com/file/d/1jRk6FkuE48yqUOb1WWmKwyjseRoSTxT6/view?usp=sharing,,here,,,,,
B-81-1,https://drive.google.com/file/d/1o-IS_hfxegxJfmzh4cwlfRyGkwWJYDMX/view?usp=sharing,,there,,,,,
B-82-1,https://d18vdu4p71yql0.cloudfront.net/libraries/mulberry/now.svg,,now,,,,,
B-83-1,https://d18vdu4p71yql0.cloudfront.net/libraries/mulberry/busy.svg,,busy,,,,,
B-95-1,https://d18vdu4p71yql0.cloudfront.net/libraries/mulberry/before.svg,,before,,,,,
B-96-1,https://d18vdu4p71yql0.cloudfront.net/libraries/mulberry/after.svg,,after,,,,,
B-97-1,https://d18vdu4p71yql0.cloudfront.net/libraries/mulberry/future.svg,,late,,,,,
B-99-1,https://drive.google.com/file/d/1pSrotodI0E1k_b-kePaygeU4ygEtugAB/view?usp=sharing,,for,,,,,
C-107-1,https://drive.google.com/file/d/1dwIjB9VvZvb_IJHgxsXvov3OZw02rHb-/view?usp=sharing,,they,,,,,
C-201-1,https://drive.google.com/file/d/1n_xxjBY5agR8p4FN7tAwtUdZT-g-5Yyt/view?usp=sharing,,right,,,,,
C-202-1,https://drive.google.com/file/d/1ssDmBYgUg3vs4WzmpseMYixusKcwMVRC/view?usp=sharing,,left,,,,,
C-216-1,https://drive.google.com/file/d/1329CAACx6KRAGEyVW4pcTQf1_bdkezLc/view?usp=sharing,,soon,,,,,
C-251-1,https://d18vdu4p71yql0.cloudfront.net/libraries/mulberry/first.svg,,first,,,,,
D-323-1,https://drive.google.com/file/d/1Bkdzah1t-9z-0rnQ6acSW8KIILlPaK8X/view?usp=sharing,,cool,,,,,
D-491-1,https://drive.google.com/file/d/10xW_6MiaMm2pHEYG2rXEM8fOsiOTNl4-/view?usp=sharing,,cooking,,,,,
E-571-1,https://drive.google.com/file/d/138R0oEp7F1WjDU5ND15kECbm8mKd8MeT/view?usp=sharing,,early,,,,,
E-994-1,https://drive.google.com/file/d/1zJG70GbrPSETEdBRnnv1d1U2sW_0hShQ/view?usp=sharing,,computer,,,,,
A-23-1,https://drive.google.com/file/d/14A45r4Fl5nU-ScbSal7ti_AXbo57NjfB/view?usp=sharing,,yes,,,,,
A-8-1,https://drive.google.com/file/d/1gRCxgkCiHgD60_cxcN319bV1BM2806E_/view?usp=sharing,,no,,,,,
B-94-1,https://drive.google.com/file/d/1Ybc4zkFqftq8rvH_6i9whBdQ5MVM2dQv/view?usp=sharing,,and,,,,,
B-98-1,https://drive.google.com/file/d/1Vt_PHtV5YtPSnGHKP94aq8d0qhgbBEUA/view?usp=sharing,,because,,,,,
C-197-1,https://drive.google.com/file/d/1JwzkCUGgi4GFyVK4Fd8NE1k1dtLp-0f5/view?usp=sharing,,behind,,,,,
A-1117-1,https://drive.google.com/file/d/1dKkCvmLhcM1aj3jjMPAKaFAP2I0a8p18/view?usp=sharing,,a,,,,,
E-1140-1,https://drive.google.com/file/d/1JKNA7WyPU9s1FTeQDh4kmVPyAvdE176r/view?usp=sharing,,x,,,,,
B-58-1,https://drive.google.com/file/d/1cZcyuCwZtt7ohtMe_xysIl4FL1Txf_CB/view?usp=sharing,,need,,,,,
C-124-1,https://drive.google.com/file/d/17Gk-y4JXvTYd3Qya3fnry4y8wBH3zEn7/view?usp=sharing,,pick,,,,,
C-173-1,https://drive.google.com/file/d/1q30faAmkLQJo9N8hxCKQ_Bn-V3lfU8z6/view?usp=sharing,,pretend,,,,,
D-377-1,https://drive.google.com/file/d/1W8YwU6zZMugGojyh83j15-AMDYjzGcrx/view?usp=sharing,,chicken,Meat,Food,,,
C-144-1,https://drive.google.com/file/d/1pqRghzjm_Y7AJCJh_sXWQPrGwv3jJugA/view?usp=sharing,,roll,,,,,
A-90-1,https://d18vdu4p71yql0.cloudfront.net/libraries/arasaac/who.png,,who,Questions,,,,
A-91-1,https://d18vdu4p71yql0.cloudfront.net/libraries/mulberry/why.svg,,why,Questions,,,,
A-92-1,https://d18vdu4p71yql0.cloudfront.net/libraries/mulberry/where%201.svg,,where,Questions,,,,
A-93-1,https://d18vdu4p71yql0.cloudfront.net/libraries/mulberry/when.svg,,when,Questions,,,,
E-1153-1,https://drive.google.com/file/d/15DDBFckD3WtVHDIUrmB5TX-O81wbrOG5/view?usp=sharing,,classroom,School,,,,
E-1154-1,https://drive.google.com/file/d/1El6XN3pnX-g3l2xZDd0jJuBsc456eWAp/view?usp=sharing,,office,School,,,,
E-1155-1,https://drive.google.com/file/d/1Y7VCeNbUUGuEpSi1Fh6wBSJbroSxR7bl/view?usp=sharing,,cafeteria,School,,,,
E-1156-1,https://drive.google.com/file/d/1BpTw7wBSZ1RxgI8fp19N92vSKG8HbBLg/view?usp=sharing,,gym,School,,,,
E-1157-1,https://drive.google.com/file/d/1El6XN3pnX-g3l2xZDd0jJuBsc456eWAp/view?usp=sharing,,hall,School,,,,
A-104-1,https://drive.google.com/file/d/1NzegyZEALmZe79FUQb73fG71Cy_LcG68/view?usp=sharing,,sorry,,,,,
C-121-1,https://drive.google.com/file/d/1cDgRHTCFOmY0tWns1u7pr4P4VgZ8EW2r/view?usp=sharing,,write,,,,,
C-155-1,https://drive.google.com/file/d/1yNtt-N-zqHcMwkWVjY42jPoety4cdhWS/view?usp=sharing,,wear,,,,,
C-156-1,https://drive.google.com/file/d/1Cgx6VmuHOonM6gT2fWpn3Bpev3ts-SEy/view?usp=sharing,,talk,,,,,
C-157-1,https://d18vdu4p71yql0.cloudfront.net/libraries/twemoji/1f468-200d-1f3eb.svg,,teach,,,,,